Time (s),Cam2 Fiducial ID,Cam2 Position X,Cam2 Position Y,Cam2 Position Z,Cam2 Rotation X,Cam2 Rotation Y,Cam2 Rotation Z,Cam2 Rotation W
1723738781.6275513,0,0.7425456629843973,0.024386994664968905,0.7535608186741456,0.92548137708171,0.00985861876010152,-0.37860150495399897,0.006923059847486003
1723738781.6430192,0,0.742517622237996,0.024387874448030325,0.75352431451364,0.92548137708171,0.00985861876010152,-0.37860150495399897,0.006923059847486003
1723738781.658909,0,0.7426170325763175,0.02439274251326646,0.7536238114529179,0.92548137708171,0.00985861876010152,-0.37860150495399897,0.006923059847486003
1723738781.6761348,0,0.7426223463240914,0.02439285126979842,0.7536277388533122,0.92548137708171,0.00985861876010152,-0.37860150495399897,0.006923059847486003
1723738781.6928282,0,0.7426338258269161,0.02439214193893962,0.7536453671823353,0.92548137708171,0.00985861876010152,-0.37860150495399897,0.006923059847486003
1723738781.7089345,0,0.7425612899116084,0.0243892234266436,0.7535755453712394,0.92548137708171,0.00985861876010152,-0.37860150495399897,0.006923059847486003
1723738781.7258728,0,0.7426321442129886,0.024392323955358716,0.7536557469201125,0.92548137708171,0.00985861876010152,-0.37860150495399897,0.006923059847486003
1723738781.745488,0,0.7426232508944153,0.024389902359678195,0.7536516361401089,0.92548137708171,0.00985861876010152,-0.37860150495399897,0.006923059847486003
1723738781.7591345,0,0.7425784705049275,0.02438798597063698,0.7536080003953834,0.92548137708171,0.00985861876010152,-0.37860150495399897,0.006923059847486003
1723738781.7761412,0,0.7426220036857838,0.024388723481052504,0.7536529560780371,0.92548137708171,0.00985861876010152,-0.37860150495399897,0.006923059847486003
1723738781.793159,0,0.7426272203612015,0.02438896829270417,0.7536553283256945,0.92548137708171,0.00985861876010152,-0.37860150495399897,0.006923059847486003
1723738781.8100278,0,0.742614214600253,0.024390212211112264,0.7536399544908537,0.92548137708171,0.00985861876010152,-0.37860150495399897,0.006923059847486003
1723738781.8256464,0,0.7425854383960698,0.02439003906781796,0.7536034807528665,0.92548137708171,0.00985861876010152,-0.37860150495399897,0.006923059847486003
1723738781.8423219,0,0.7426329437006922,0.02439125841829961,0.7536463775912718,0.92548137708171,0.00985861876010152,-0.37860150495399897,0.006923059847486003
1723738781.862747,0,0.7425792610169272,0.024390310352573934,0.753587716286999,0.92548137708171,0.00985861876010152,-0.37860150495399897,0.006923059847486003
1723738781.8757324,0,0.7426447340023733,0.024391579784405353,0.753649911410291,0.92548137708171,0.00985861876010152,-0.37860150495399897,0.006923059847486003
1723738781.8923926,0,0.742687265862481,0.024393076353307213,0.7536940904441954,0.92548137708171,0.00985861876010152,-0.37860150495399897,0.006923059847486003
1723738781.910445,0,0.7425227108126305,0.02438575965237412,0.7535346346295023,0.92548137708171,0.00985861876010152,-0.37860150495399897,0.006923059847486003
1723738781.9270449,0,0.7425758278009283,0.024387092247835123,0.7535933769216645,0.92548137708171,0.00985861876010152,-0.37860150495399897,0.006923059847486003
1723738781.942627,0,0.742657299935422,0.024390477869794452,0.7536792915228944,0.92548137708171,0.00985861876010152,-0.37860150495399897,0.006923059847486003
1723738781.9595044,0,0.7425423937024995,0.0243861060887574,0.7535682950448978,0.92548137708171,0.00985861876010152,-0.37860150495399897,0.006923059847486003
1723738781.9809692,0,0.7426640349998871,0.02439138779929565,0.7536954446035903,0.92548137708171,0.00985861876010152,-0.37860150495399897,0.006923059847486003
1723738781.992672,0,0.7426629674037649,0.02439162915166667,0.7536924741305672,0.92548137708171,0.00985861876010152,-0.37860150495399897,0.006923059847486003
1723738782.0092928,0,0.7425800813161061,0.02439118448420661,0.7536047220399087,0.92548137708171,0.00985861876010152,-0.37860150495399897,0.006923059847486003
1723738782.0278585,0,0.7426773411055702,0.024392613510394474,0.7536995708892908,0.92548137708171,0.00985861876010152,-0.37860150495399897,0.006923059847486003
1723738782.043524,0,0.7426784792890604,0.024393188563528168,0.7536974557320467,0.92548137708171,0.00985861876010152,-0.37860150495399897,0.006923059847486003
1723738782.0591245,0,0.7425257919817315,0.024387572945592344,0.7535326719899067,0.92548137708171,0.00985861876010152,-0.37860150495399897,0.006923059847486003
1723738782.0767143,0,0.7426628508329025,0.02439063657951791,0.7536672691435164,0.92548137708171,0.00985861876010152,-0.37860150495399897,0.006923059847486003
1723738782.0939434,0,0.742666857855573,0.024390937232172,0.753672262846604,0.92548137708171,0.00985861876010152,-0.37860150495399897,0.006923059847486003
1723738782.1102896,0,0.7426691888716213,0.02439175264133925,0.7536780073512594,0.92548137708171,0.00985861876010152,-0.37860150495399897,0.006923059847486003
1723738782.1273139,0,0.7425312625045422,0.02438752127090564,0.7535426387677513,0.92548137708171,0.00985861876010152,-0.37860150495399897,0.006923059847486003
1723738782.1441412,0,0.7426291434787025,0.024391482196498306,0.7536480896694906,0.92548137708171,0.00985861876010152,-0.37860150495399897,0.006923059847486003
1723738782.1606054,0,0.7426575357601451,0.024393839827787138,0.7536825984984153,0.92548137708171,0.00985861876010152,-0.37860150495399897,0.006923059847486003
1723738782.1760702,0,0.7426313531921117,0.02439241328842477,0.7536586522505433,0.92548137708171,0.00985861876010152,-0.37860150495399897,0.006923059847486003
1723738782.1927907,0,0.7426203132293941,0.02439047885055883,0.7536491273158004,0.92548137708171,0.00985861876010152,-0.37860150495399897,0.006923059847486003
1723738782.2100713,0,0.7425962597259238,0.024389618555029247,0.7536229291868368,0.92548137708171,0.00985861876010152,-0.37860150495399897,0.006923059847486003
1723738782.2264555,0,0.742628091533776,0.024388606338517204,0.7536522235946662,0.92548137708171,0.00985861876010152,-0.37860150495399897,0.006923059847486003
1723738782.2435873,0,0.7425299053989295,0.02438551756801228,0.7535462943615683,0.92548137708171,0.00985861876010152,-0.37860150495399897,0.006923059847486003
1723738782.2618577,0,0.7425860107901177,0.024389337558421327,0.7535975997418937,0.92548137708171,0.00985861876010152,-0.37860150495399897,0.006923059847486003
1723738782.2779202,0,0.7426367224810619,0.024390731303798683,0.75364523789701,0.92548137708171,0.00985861876010152,-0.37860150495399897,0.006923059847486003
1723738782.2931561,0,0.7426263336759922,0.02439095664868078,0.7536291511755964,0.92548137708171,0.00985861876010152,-0.37860150495399897,0.006923059847486003
1723738782.3099837,0,0.7426268295548227,0.024390376708819914,0.7536283665071275,0.92548137708171,0.00985861876010152,-0.37860150495399897,0.006923059847486003
1723738782.326412,0,0.7426364872116111,0.02439319640923791,0.7536440092330746,0.92548137708171,0.00985861876010152,-0.37860150495399897,0.006923059847486003
1723738782.343848,0,0.7426490214186574,0.02439320378459552,0.7536645657019515,0.92548137708171,0.00985861876010152,-0.37860150495399897,0.006923059847486003
1723738782.359858,0,0.7425947177686016,0.024389752818478064,0.7536135650680357,0.92548137708171,0.00985861876010152,-0.37860150495399897,0.006923059847486003
1723738782.3792436,0,0.742622717700874,0.024389461400012476,0.75364754756949,0.92548137708171,0.00985861876010152,-0.37860150495399897,0.006923059847486003
1723738782.3942778,0,0.7426210196283948,0.024389693365531134,0.7536492221173854,0.92548137708171,0.00985861876010152,-0.37860150495399897,0.006923059847486003
1723738782.4101663,0,0.7425594049387163,0.024386578984555946,0.7535861229639234,0.92548137708171,0.00985861876010152,-0.37860150495399897,0.006923059847486003
1723738782.427035,0,0.7425192179598997,0.02438528300078947,0.7535429524280588,0.92548137708171,0.00985861876010152,-0.37860150495399897,0.006923059847486003
1723738782.4441516,0,0.7426458200306484,0.0243911803948125,0.7536685149555612,0.92548137708171,0.00985861876010152,-0.37860150495399897,0.006923059847486003
1723738782.46008,0,0.7425690401130538,0.024392380440539544,0.7535848895979328,0.92548137708171,0.00985861876010152,-0.37860150495399897,0.006923059847486003
1723738782.4761086,0,0.7426918729643903,0.02439458808925741,0.7536997950783955,0.92548137708171,0.00985861876010152,-0.37860150495399897,0.006923059847486003
1723738782.4932327,0,0.742678595679752,0.02439270377085734,0.753682508680307,0.92548137708171,0.00985861876010152,-0.37860150495399897,0.006923059847486003
1723738782.51338,0,0.7426403436807977,0.02439312948513629,0.7536436401886742,0.92548137708171,0.00985861876010152,-0.37860150495399897,0.006923059847486003
1723738782.5263991,0,0.7426267946146284,0.024389669900578684,0.7536326117880523,0.92548137708171,0.00985861876010152,-0.37860150495399897,0.006923059847486003
1723738782.5441558,0,0.7426397094861014,0.024388908520048533,0.7536496632204507,0.92548137708171,0.00985861876010152,-0.37860150495399897,0.006923059847486003
1723738782.5605776,0,0.7425748332574794,0.024387123882709576,0.7535935059128366,0.92548137708171,0.00985861876010152,-0.37860150495399897,0.006923059847486003
1723738782.5779173,0,0.7425868252699409,0.02438948976657388,0.7536097005800779,0.92548137708171,0.00985861876010152,-0.37860150495399897,0.006923059847486003
1723738782.593547,0,0.7425671574668252,0.02438694463796512,0.7535944808318723,0.92548137708171,0.00985861876010152,-0.37860150495399897,0.006923059847486003
1723738782.6098237,0,0.7426422179162626,0.024388930161559214,0.7536702787456058,0.92548137708171,0.00985861876010152,-0.37860150495399897,0.006923059847486003
1723738782.6275384,0,0.7425818778960588,0.024388594736306418,0.7536083863110683,0.92548137708171,0.00985861876010152,-0.37860150495399897,0.006923059847486003
1723738782.6440668,0,0.7425954287120312,0.02438978730275152,0.7536196490486616,0.92548137708171,0.00985861876010152,-0.37860150495399897,0.006923059847486003
1723738782.6597874,0,0.7426520961821987,0.02439166946085579,0.7536732068355314,0.92548137708171,0.00985861876010152,-0.37860150495399897,0.006923059847486003
1723738782.6783738,0,0.7425860016721296,0.02438769952713711,0.7536016846808641,0.92548137708171,0.00985861876010152,-0.37860150495399897,0.006923059847486003
1723738782.6945996,0,0.7425934494023029,0.024388111744189766,0.7536016690513385,0.92548137708171,0.00985861876010152,-0.37860150495399897,0.006923059847486003
1723738782.7099118,0,0.7425423038976073,0.024386049141096447,0.7535455569531699,0.92548137708171,0.00985861876010152,-0.37860150495399897,0.006923059847486003
1723738782.7263842,0,0.742599481353004,0.024387641802211812,0.7536027665676351,0.92548137708171,0.00985861876010152,-0.37860150495399897,0.006923059847486003
1723738782.7443337,0,0.7425866784284765,0.024388485613644224,0.7535951285705508,0.92548137708171,0.00985861876010152,-0.37860150495399897,0.006923059847486003
1723738782.7602947,0,0.7426319159103464,0.02439155969641498,0.753645936525862,0.92548137708171,0.00985861876010152,-0.37860150495399897,0.006923059847486003
1723738782.7767255,0,0.7426172753882649,0.024391895997051456,0.7536370159969579,0.92548137708171,0.00985861876010152,-0.37860150495399897,0.006923059847486003
1723738782.7973018,0,0.742575485929829,0.02438790460480197,0.7535998137624698,0.92548137708171,0.00985861876010152,-0.37860150495399897,0.006923059847486003
1723738782.8124316,0,0.7426310488344846,0.024390546321938426,0.7536590170998873,0.92548137708171,0.00985861876010152,-0.37860150495399897,0.006923059847486003
1723738782.8266373,0,0.7426241442181518,0.02438943817341408,0.7536529948329177,0.92548137708171,0.00985861876010152,-0.37860150495399897,0.006923059847486003
1723738782.8432355,0,0.7426452990131641,0.02438938290694698,0.7536724062122202,0.92548137708171,0.00985861876010152,-0.37860150495399897,0.006923059847486003
1723738782.860715,0,0.7425358906584142,0.02438742197204784,0.753558108904203,0.92548137708171,0.00985861876010152,-0.37860150495399897,0.006923059847486003
1723738782.8774507,0,0.7425236118760763,0.02438839183919796,0.7535397666139263,0.92548137708171,0.00985861876010152,-0.37860150495399897,0.006923059847486003
1723738782.8938987,0,0.7425789517993886,0.02439067030956104,0.7535894462693332,0.92548137708171,0.00985861876010152,-0.37860150495399897,0.006923059847486003
1723738782.9101155,0,0.742539743449184,0.024388565317655108,0.7535445367933815,0.92548137708171,0.00985861876010152,-0.37860150495399897,0.006923059847486003
1723738782.9305353,0,0.7425944756489666,0.02439191662850459,0.7535977608251304,0.92548137708171,0.00985861876010152,-0.37860150495399897,0.006923059847486003
1723738782.943628,0,0.7425856122063595,0.024390355336900538,0.7535901098507292,0.92548137708171,0.00985861876010152,-0.37860150495399897,0.006923059847486003
1723738782.9603164,0,0.7426001688087052,0.02439034844534246,0.753609019085705,0.92548137708171,0.00985861876010152,-0.37860150495399897,0.006923059847486003
1723738782.9777553,0,0.7425019214288022,0.02438562026897837,0.7535179508667728,0.92548137708171,0.00985861876010152,-0.37860150495399897,0.006923059847486003
1723738782.9948592,0,0.7425453928167884,0.024387067058001165,0.7535675919824345,0.92548137708171,0.00985861876010152,-0.37860150495399897,0.006923059847486003
1723738783.0101266,0,0.7425340234286764,0.024384949294679447,0.7535599140113844,0.92548137708171,0.00985861876010152,-0.37860150495399897,0.006923059847486003
1723738783.0282235,0,0.742471908671483,0.024381926584844185,0.7534988906072492,0.92548137708171,0.00985861876010152,-0.37860150495399897,0.006923059847486003
1723738783.0438404,0,0.7424682476932218,0.024382267624265305,0.7534955290855887,0.92548137708171,0.00985861876010152,-0.37860150495399897,0.006923059847486003
1723738783.0614567,0,0.7424776577270427,0.02438391885649985,0.7535028029359586,0.92548137708171,0.00985861876010152,-0.37860150495399897,0.006923059847486003
1723738783.0767703,0,0.7424802136109498,0.024386452688822925,0.7534994197505385,0.92548137708171,0.00985861876010152,-0.37860150495399897,0.006923059847486003
1723738783.0944543,0,0.7425712025652986,0.024388377702792095,0.7535847416815508,0.92548137708171,0.00985861876010152,-0.37860150495399897,0.006923059847486003
1723738783.1112268,0,0.7425904541829298,0.024390673326804942,0.7535979419606237,0.92548137708171,0.00985861876010152,-0.37860150495399897,0.006923059847486003
1723738783.1275494,0,0.7426471564631167,0.024391729595102142,0.7536534577033251,0.92548137708171,0.00985861876010152,-0.37860150495399897,0.006923059847486003
1723738783.1457262,0,0.7425256691810936,0.024387079595764128,0.7535292741131878,0.92548137708171,0.00985861876010152,-0.37860150495399897,0.006923059847486003
1723738783.1607504,0,0.7425720349245758,0.024387670003470422,0.7535799130407456,0.92548137708171,0.00985861876010152,-0.37860150495399897,0.006923059847486003
1723738783.1781518,0,0.7425224237633347,0.024386447216726014,0.7535360736303537,0.92548137708171,0.00985861876010152,-0.37860150495399897,0.006923059847486003
1723738783.193792,0,0.7425376675247017,0.02438717155609734,0.7535568686002361,0.92548137708171,0.00985861876010152,-0.37860150495399897,0.006923059847486003
1723738783.2135253,0,0.7424926579292419,0.024385905881578008,0.7535154417475814,0.92548137708171,0.00985861876010152,-0.37860150495399897,0.006923059847486003
1723738783.2290428,0,0.742534135449932,0.024387352709882515,0.7535612623190712,0.92548137708171,0.00985861876010152,-0.37860150495399897,0.006923059847486003
1723738783.243887,0,0.7425714574393035,0.024389333973307687,0.7536001895925011,0.92548137708171,0.00985861876010152,-0.37860150495399897,0.006923059847486003
1723738783.2605808,0,0.7425978617384502,0.02438949469221737,0.7536258609398269,0.92548137708171,0.00985861876010152,-0.37860150495399897,0.006923059847486003
1723738783.2784827,0,0.7425818434640343,0.02438823605455147,0.7536054177103475,0.92548137708171,0.00985861876010152,-0.37860150495399897,0.006923059847486003
1723738783.294363,0,0.7425558250074266,0.02438968520456137,0.7535748195399659,0.92548137708171,0.00985861876010152,-0.37860150495399897,0.006923059847486003
1723738783.3114183,0,0.7425582847914992,0.024388100052165178,0.753571783277628,0.92548137708171,0.00985861876010152,-0.37860150495399897,0.006923059847486003
1723738783.3275495,0,0.7424932776514719,0.024386432714275028,0.7535003671572876,0.92548137708171,0.00985861876010152,-0.37860150495399897,0.006923059847486003
1723738783.3479488,0,0.742570244483092,0.024389453158024647,0.7535766693325705,0.92548137708171,0.00985861876010152,-0.37860150495399897,0.006923059847486003
1723738783.3611305,0,0.7425675087752338,0.02438881975265782,0.7535764564488566,0.92548137708171,0.00985861876010152,-0.37860150495399897,0.006923059847486003
1723738783.378102,0,0.7423715171013774,0.024386612514532672,0.7534012583123868,0.92548137708171,0.00985861876010152,-0.37860150495399897,0.006923059847486003
1723738783.3944762,0,0.7423460308007723,0.0244071834712508,0.7535972437221118,0.92548137708171,0.00985861876010152,-0.37860150495399897,0.006923059847486003
1723738783.4119172,0,0.7423281855441588,0.024413888853228375,0.7536625783056953,0.92548137708171,0.00985861876010152,-0.37860150495399897,0.006923059847486003
1723738783.4280167,0,0.7426633870861499,0.024426706677894025,0.7540180364907989,0.92548137708171,0.00985861876010152,-0.37860150495399897,0.006923059847486003
1723738783.4439812,0,0.7427919655641353,0.024412978417896167,0.753994498198637,0.92548137708171,0.00985861876010152,-0.37860150495399897,0.006923059847486003
1723738783.4610167,0,0.7425869744264046,0.024398850773727283,0.7537040520992905,0.92548137708171,0.00985861876010152,-0.37860150495399897,0.006923059847486003
1723738783.4782965,0,0.7425590665325601,0.024405592803975695,0.7537945796145862,0.92548137708171,0.00985861876010152,-0.37860150495399897,0.006923059847486003
1723738783.4940975,0,0.7426567585583569,0.024405645549936558,0.7538524195188908,0.92548137708171,0.00985861876010152,-0.37860150495399897,0.006923059847486003
1723738783.512324,0,0.7427022647145394,0.024402145672807372,0.7538198161979128,0.92548137708171,0.00985861876010152,-0.37860150495399897,0.006923059847486003
1723738783.527878,0,0.7426090085992506,0.024392522313018878,0.7536385196288338,0.92548137708171,0.00985861876010152,-0.37860150495399897,0.006923059847486003
1723738783.5439491,0,0.742146160659108,0.024377885815784078,0.753117879558886,0.92548137708171,0.00985861876010152,-0.37860150495399897,0.006923059847486003
1723738783.5610726,0,0.7422358487601177,0.024416523950518142,0.7534926438238221,0.92548137708171,0.00985861876010152,-0.37860150495399897,0.006923059847486003
1723738783.5783727,0,0.7427664273789315,0.024450697452083038,0.7541655472487337,0.92548137708171,0.00985861876010152,-0.37860150495399897,0.006923059847486003
1723738783.594394,0,0.7430434542089661,0.024445898404164446,0.7543845751324522,0.92548137708171,0.00985861876010152,-0.37860150495399897,0.006923059847486003
1723738783.6113708,0,0.74283307590168,0.024415954206710586,0.7540636496795119,0.92548137708171,0.00985861876010152,-0.37860150495399897,0.006923059847486003
1723738783.6293356,0,0.7425475587202486,0.024394770267869837,0.7536977518058808,0.92548137708171,0.00985861876010152,-0.37860150495399897,0.006923059847486003
1723738783.645072,0,0.7426685766335662,0.024391989227619027,0.7537588257198383,0.92548137708171,0.00985861876010152,-0.37860150495399897,0.006923059847486003
1723738783.6614425,0,0.742477739068238,0.02438599779897107,0.7535291337684366,0.92548137708171,0.00985861876010152,-0.37860150495399897,0.006923059847486003
1723738783.6780057,0,0.7425284078249339,0.02438800098760316,0.753579719709728,0.92548137708171,0.00985861876010152,-0.37860150495399897,0.006923059847486003
1723738783.6949458,0,0.7425772911721598,0.024390365576504255,0.7536192374208224,0.92548137708171,0.00985861876010152,-0.37860150495399897,0.006923059847486003
1723738783.7114372,0,0.7426400007248678,0.02439325606122256,0.7536657748841064,0.92548137708171,0.00985861876010152,-0.37860150495399897,0.006923059847486003
1723738783.7274485,0,0.7427390627002491,0.02439778050243938,0.7537399490348519,0.92548137708171,0.00985861876010152,-0.37860150495399897,0.006923059847486003
1723738783.7477257,0,0.7426964850005431,0.02439622468825687,0.7536879363228604,0.92548137708171,0.00985861876010152,-0.37860150495399897,0.006923059847486003
1723738783.7626529,0,0.7425905179664194,0.024391025213670117,0.7535811850676624,0.92548137708171,0.00985861876010152,-0.37860150495399897,0.006923059847486003
1723738783.7782073,0,0.7426311337342972,0.02439352561346985,0.7536331724724177,0.92548137708171,0.00985861876010152,-0.37860150495399897,0.006923059847486003
1723738783.7957346,0,0.7426660134159254,0.024391882745079144,0.753685079902347,0.92548137708171,0.00985861876010152,-0.37860150495399897,0.006923059847486003
1723738783.812434,0,0.7425843345535952,0.024387330500708987,0.7536185275637339,0.92548137708171,0.00985861876010152,-0.37860150495399897,0.006923059847486003
1723738783.8283358,0,0.7424077655185811,0.024382636298293566,0.7534508334006981,0.92548137708171,0.00985861876010152,-0.37860150495399897,0.006923059847486003
1723738783.844417,0,0.7425044685121146,0.024387765300497806,0.7535535219027489,0.92548137708171,0.00985861876010152,-0.37860150495399897,0.006923059847486003
1723738783.8615987,0,0.7425133866661437,0.02438662675012725,0.7535647948459762,0.92548137708171,0.00985861876010152,-0.37860150495399897,0.006923059847486003
1723738783.8779938,0,0.7425095279895849,0.02438714420982332,0.7535529460856158,0.92548137708171,0.00985861876010152,-0.37860150495399897,0.006923059847486003
1723738783.895118,0,0.7425232051082239,0.024388325806243123,0.7535577348796787,0.92548137708171,0.00985861876010152,-0.37860150495399897,0.006923059847486003
1723738783.9111876,0,0.7425002760318014,0.024387222571924373,0.7535227047313413,0.92548137708171,0.00985861876010152,-0.37860150495399897,0.006923059847486003
1723738783.9284759,0,0.7425408079621296,0.024386271883450876,0.7535440812224862,0.92548137708171,0.00985861876010152,-0.37860150495399897,0.006923059847486003
1723738783.9455404,0,0.7426155613994423,0.024389715201079198,0.7535970772628544,0.92548137708171,0.00985861876010152,-0.37860150495399897,0.006923059847486003
1723738783.9611416,0,0.7426939890364368,0.02439431869437964,0.7536709488195988,0.92548137708171,0.00985861876010152,-0.37860150495399897,0.006923059847486003
1723738783.9784484,0,0.7425874645839531,0.024389036996416882,0.7535660062472411,0.92548137708171,0.00985861876010152,-0.37860150495399897,0.006923059847486003
1723738783.9955661,0,0.7425613939153022,0.0243900286802741,0.7535599494055341,0.92548137708171,0.00985861876010152,-0.37860150495399897,0.006923059847486003
1723738784.012408,0,0.7425614012719163,0.024389599583035562,0.7535817906131262,0.92548137708171,0.00985861876010152,-0.37860150495399897,0.006923059847486003
1723738784.0281565,0,0.7425313501375501,0.024388696647306064,0.75356569851197,0.92548137708171,0.00985861876010152,-0.37860150495399897,0.006923059847486003
1723738784.0473812,0,0.7425256705396158,0.024386384057019567,0.7535677000463623,0.92548137708171,0.00985861876010152,-0.37860150495399897,0.006923059847486003
1723738784.0628865,0,0.7424893602825225,0.02438512392040481,0.7535354184473644,0.92548137708171,0.00985861876010152,-0.37860150495399897,0.006923059847486003
1723738784.0794718,0,0.7424312223801433,0.024382689787325745,0.7534777298542111,0.92548137708171,0.00985861876010152,-0.37860150495399897,0.006923059847486003
1723738784.0950007,0,0.7424754036592282,0.02438326816439683,0.7535135115459484,0.92548137708171,0.00985861876010152,-0.37860150495399897,0.006923059847486003
1723738784.1123748,0,0.7424765008003791,0.02438194073851294,0.7535053670936468,0.92548137708171,0.00985861876010152,-0.37860150495399897,0.006923059847486003
1723738784.1290214,0,0.7426335105369928,0.024390254448975208,0.7536477891982578,0.92548137708171,0.00985861876010152,-0.37860150495399897,0.006923059847486003
1723738784.1459975,0,0.7425711354631588,0.024389847094926354,0.7535638760926825,0.92548137708171,0.00985861876010152,-0.37860150495399897,0.006923059847486003
1723738784.1619298,0,0.7426431628115473,0.02439123892125766,0.7536144553919387,0.92548137708171,0.00985861876010152,-0.37860150495399897,0.006923059847486003
1723738784.1829948,0,0.7425802385464165,0.02438915080292172,0.7535499291907993,0.92548137708171,0.00985861876010152,-0.37860150495399897,0.006923059847486003
1723738784.1950796,0,0.7425984989218497,0.024391758936325322,0.7535807698805486,0.92548137708171,0.00985861876010152,-0.37860150495399897,0.006923059847486003
1723738784.2118175,0,0.7426338614224434,0.024393103420214522,0.7536378526776306,0.92548137708171,0.00985861876010152,-0.37860150495399897,0.006923059847486003
1723738784.2292,0,0.7426206738171803,0.024389099564543475,0.7536446938627828,0.92548137708171,0.00985861876010152,-0.37860150495399897,0.006923059847486003
1723738784.2456985,0,0.7425138667292901,0.024385381849571005,0.7535503556157424,0.92548137708171,0.00985861876010152,-0.37860150495399897,0.006923059847486003
1723738784.2621186,0,0.7424900018750232,0.02438431783781311,0.7535336551345192,0.92548137708171,0.00985861876010152,-0.37860150495399897,0.006923059847486003
1723738784.2801557,0,0.7425272535976872,0.024385933854534764,0.7535718653545431,0.92548137708171,0.00985861876010152,-0.37860150495399897,0.006923059847486003
1723738784.2958348,0,0.7424187887590841,0.024382369486322764,0.753460559356355,0.92548137708171,0.00985861876010152,-0.37860150495399897,0.006923059847486003
1723738784.3121362,0,0.7424915596167977,0.024387766572300146,0.7535259426863723,0.92548137708171,0.00985861876010152,-0.37860150495399897,0.006923059847486003
1723738784.3286183,0,0.7425516142802221,0.024388993437582794,0.753573181226979,0.92548137708171,0.00985861876010152,-0.37860150495399897,0.006923059847486003
1723738784.3467057,0,0.7425976745866076,0.024391155017749088,0.7535976616378135,0.92548137708171,0.00985861876010152,-0.37860150495399897,0.006923059847486003
1723738784.3622642,0,0.7426195905682657,0.02439153857315844,0.7535973076556836,0.92548137708171,0.00985861876010152,-0.37860150495399897,0.006923059847486003
1723738784.3782377,0,0.7427295510391688,0.024395674662094288,0.7536998788002747,0.92548137708171,0.00985861876010152,-0.37860150495399897,0.006923059847486003
1723738784.3953578,0,0.7426503210655144,0.02439124097755803,0.7536203615803739,0.92548137708171,0.00985861876010152,-0.37860150495399897,0.006923059847486003
1723738784.4173417,0,0.7427769402026415,0.02439217100415058,0.7537455664820799,0.92548137708171,0.00985861876010152,-0.37860150495399897,0.006923059847486003
1723738784.42866,0,0.7425536553759584,0.024386740424171906,0.7534568839045422,0.92548137708171,0.00985861876010152,-0.37860150495399897,0.006923059847486003
1723738784.4451966,0,0.7427992569951106,0.02440064207140669,0.7534688396814782,0.92548137708171,0.00985861876010152,-0.37860150495399897,0.006923059847486003
1723738784.4630382,0,0.7427268613636621,0.024406847970661814,0.7529536148492849,0.92548137708171,0.00985861876010152,-0.37860150495399897,0.006923059847486003
1723738784.4794405,0,0.7428394539125059,0.024415198936140355,0.7524283968678609,0.92548137708171,0.00985861876010152,-0.37860150495399897,0.006923059847486003
1723738784.4945476,0,0.742945429016544,0.024429710832350463,0.7517714908019706,0.92548137708171,0.00985861876010152,-0.37860150495399897,0.006923059847486003
1723738784.5116525,0,0.7434953332188671,0.02446114831842036,0.7515315192977919,0.92548137708171,0.00985861876010152,-0.37860150495399897,0.006923059847486003
1723738784.5290158,0,0.7441491243606929,0.0244896094917072,0.7515939614347061,0.92548137708171,0.00985861876010152,-0.37860150495399897,0.006923059847486003
1723738784.5453176,0,0.744237192849909,0.024491794388861794,0.7516488417811191,0.92548137708171,0.00985861876010152,-0.37860150495399897,0.006923059847486003
1723738784.5616772,0,0.7435762057802547,0.02446007607086742,0.7517805316810959,0.92548137708171,0.00985861876010152,-0.37860150495399897,0.006923059847486003
1723738784.5814645,0,0.7436988777965607,0.02443946910289752,0.7534386050548241,0.92548137708171,0.00985861876010152,-0.37860150495399897,0.006923059847486003
1723738784.5964165,0,0.7436293853313221,0.02443672043260411,0.7551670863954809,0.92548137708171,0.00985861876010152,-0.37860150495399897,0.006923059847486003
1723738784.6127367,0,0.741086195153816,0.02433239729149916,0.7542709947959183,0.92548137708171,0.00985861876010152,-0.37860150495399897,0.006923059847486003
1723738784.6286595,0,0.7402510620103666,0.024294774752499443,0.7545618760763515,0.92548137708171,0.00985861876010152,-0.37860150495399897,0.006923059847486003
1723738784.6463974,0,0.7402069485436295,0.02428985906866989,0.7548568246144708,0.92548137708171,0.00985861876010152,-0.37860150495399897,0.006923059847486003
1723738784.663033,0,0.7401807560119794,0.024295635721694263,0.7543104104989513,0.92548137708171,0.00985861876010152,-0.37860150495399897,0.006923059847486003
1723738784.6790442,0,0.7415423774736823,0.024367394571346266,0.7545440676828573,0.92548137708171,0.00985861876010152,-0.37860150495399897,0.006923059847486003
1723738784.6955054,0,0.7468408623160432,0.024525410872835832,0.7578844099737064,0.92548137708171,0.00985861876010152,-0.37860150495399897,0.006923059847486003
1723738784.717198,0,0.7422795740238217,0.024409924114759878,0.7516699013482221,0.92548137708171,0.00985861876010152,-0.37860150495399897,0.006923059847486003
1723738784.7285597,0,0.7435208616100033,0.024465437765524664,0.7515414552087948,0.92548137708171,0.00985861876010152,-0.37860150495399897,0.006923059847486003
1723738784.7455502,0,0.7444208501418622,0.024494018051058865,0.7518387416728971,0.92548137708171,0.00985861876010152,-0.37860150495399897,0.006923059847486003
1723738784.762791,0,0.744219397226244,0.024485151763937972,0.7518679117525747,0.92548137708171,0.00985861876010152,-0.37860150495399897,0.006923059847486003
1723738784.7804952,0,0.7433759595261309,0.024448507530284602,0.7520986421044508,0.92548137708171,0.00985861876010152,-0.37860150495399897,0.006923059847486003
1723738784.7954054,0,0.7438845163097849,0.024446877072344424,0.7542715723637436,0.92548137708171,0.00985861876010152,-0.37860150495399897,0.006923059847486003
1723738784.8121712,0,0.7422214924110091,0.024358778859358145,0.7546426944563048,0.92548137708171,0.00985861876010152,-0.37860150495399897,0.006923059847486003
1723738784.8291893,0,0.7407962064455988,0.024317937809374916,0.7544015575966863,0.92548137708171,0.00985861876010152,-0.37860150495399897,0.006923059847486003
1723738784.845624,0,0.7404130540421994,0.024296338952016605,0.7548976125766933,0.92548137708171,0.00985861876010152,-0.37860150495399897,0.006923059847486003
1723738784.86195,0,0.7402708997419157,0.02429464769779555,0.7547818394407545,0.92548137708171,0.00985861876010152,-0.37860150495399897,0.006923059847486003
1723738784.8802059,0,0.7404154975503688,0.024309211068414622,0.7541242137349651,0.92548137708171,0.00985861876010152,-0.37860150495399897,0.006923059847486003
1723738784.8956614,0,0.7426400699531567,0.024389490504470045,0.7549197304139318,0.92548137708171,0.00985861876010152,-0.37860150495399897,0.006923059847486003
1723738784.911969,0,0.7444367915477584,0.024451402475810964,0.755005671242532,0.92548137708171,0.00985861876010152,-0.37860150495399897,0.006923059847486003
1723738784.9287083,0,0.742935854847354,0.024444823196416294,0.7518048157317403,0.92548137708171,0.00985861876010152,-0.37860150495399897,0.006923059847486003
1723738784.9454174,0,0.7437978817219316,0.024474145156636793,0.751559095683996,0.92548137708171,0.00985861876010152,-0.37860150495399897,0.006923059847486003
1723738784.9624524,0,0.7444173649819738,0.024494612804639878,0.7518823223837928,0.92548137708171,0.00985861876010152,-0.37860150495399897,0.006923059847486003
1723738784.979297,0,0.743861063794279,0.024472261193202817,0.751853241841856,0.92548137708171,0.00985861876010152,-0.37860150495399897,0.006923059847486003
1723738784.9978263,0,0.7446526985253991,0.02450645272108753,0.7537982602628862,0.92548137708171,0.00985861876010152,-0.37860150495399897,0.006923059847486003
1723738785.0133502,0,0.7439097588274987,0.02444425866025054,0.7549035188905854,0.92548137708171,0.00985861876010152,-0.37860150495399897,0.006923059847486003
1723738785.0294135,0,0.7413917423501423,0.024344132386917485,0.7540452324054228,0.92548137708171,0.00985861876010152,-0.37860150495399897,0.006923059847486003
1723738785.0455165,0,0.7406069680812023,0.024305359568030517,0.7545677896822383,0.92548137708171,0.00985861876010152,-0.37860150495399897,0.006923059847486003
1723738785.0624986,0,0.740570766341225,0.024298730991900504,0.7551023724963197,0.92548137708171,0.00985861876010152,-0.37860150495399897,0.006923059847486003
1723738785.079684,0,0.7403064469454298,0.024295210665902605,0.7545794935375293,0.92548137708171,0.00985861876010152,-0.37860150495399897,0.006923059847486003
1723738785.095253,0,0.7408868465711785,0.024330994589027176,0.7541063000652882,0.92548137708171,0.00985861876010152,-0.37860150495399897,0.006923059847486003
1723738785.11647,0,0.7435459607905526,0.024422206894010822,0.7551975546226128,0.92548137708171,0.00985861876010152,-0.37860150495399897,0.006923059847486003
1723738785.1304076,0,0.7446098235670545,0.02444616039939112,0.754395802918398,0.92548137708171,0.00985861876010152,-0.37860150495399897,0.006923059847486003
1723738785.1454368,0,0.7433045427187404,0.02445608567596716,0.7517616116652726,0.92548137708171,0.00985861876010152,-0.37860150495399897,0.006923059847486003
1723738785.1625013,0,0.7442667419667642,0.024488607532738627,0.7518949097717459,0.92548137708171,0.00985861876010152,-0.37860150495399897,0.006923059847486003
1723738785.1796536,0,0.744473035623646,0.02449120832446178,0.7520819881286188,0.92548137708171,0.00985861876010152,-0.37860150495399897,0.006923059847486003
1723738785.1969874,0,0.7437432394896433,0.02445896012448216,0.7521546192343946,0.92548137708171,0.00985861876010152,-0.37860150495399897,0.006923059847486003
1723738785.2132208,0,0.7435186627863983,0.024421870165719884,0.7536700265944478,0.92548137708171,0.00985861876010152,-0.37860150495399897,0.006923059847486003
1723738785.2314138,0,0.7441461667414359,0.024452340863447403,0.7557127175650747,0.92548137708171,0.00985861876010152,-0.37860150495399897,0.006923059847486003
1723738785.2508144,0,0.7411032872761278,0.024333050786263664,0.7542319285327269,0.92548137708171,0.00985861876010152,-0.37860150495399897,0.006923059847486003
1723738785.262966,0,0.740458714634575,0.024298445345845614,0.754644672966823,0.92548137708171,0.00985861876010152,-0.37860150495399897,0.006923059847486003
1723738785.2801788,0,0.7404776781080391,0.024300637025291637,0.7549456879860957,0.92548137708171,0.00985861876010152,-0.37860150495399897,0.006923059847486003
1723738785.2967224,0,0.7403905940460823,0.02430224904439487,0.754329313575091,0.92548137708171,0.00985861876010152,-0.37860150495399897,0.006923059847486003
1723738785.312853,0,0.7411300932582526,0.024341115639838606,0.7538138592926984,0.92548137708171,0.00985861876010152,-0.37860150495399897,0.006923059847486003
1723738785.3293142,0,0.742588608753993,0.024420160765134372,0.75382875732763,0.92548137708171,0.00985861876010152,-0.37860150495399897,0.006923059847486003
1723738785.3463206,0,0.7425009104567238,0.024419610438866632,0.751896215270585,0.92548137708171,0.00985861876010152,-0.37860150495399897,0.006923059847486003
1723738785.3631575,0,0.7435807855927467,0.024464616896274768,0.7517061395881931,0.92548137708171,0.00985861876010152,-0.37860150495399897,0.006923059847486003
1723738785.3794606,0,0.7442866904011274,0.024487932857317464,0.7518737859063538,0.92548137708171,0.00985861876010152,-0.37860150495399897,0.006923059847486003
1723738785.3957357,0,0.7439927467473175,0.024476345596676125,0.7518384576145535,0.92548137708171,0.00985861876010152,-0.37860150495399897,0.006923059847486003
1723738785.4157376,0,0.7432171347086074,0.02443966520260692,0.7521150001269479,0.92548137708171,0.00985861876010152,-0.37860150495399897,0.006923059847486003
1723738785.4304082,0,0.7439518959833282,0.024448089634530268,0.7544219167146728,0.92548137708171,0.00985861876010152,-0.37860150495399897,0.006923059847486003
1723738785.4460251,0,0.7416642807371271,0.024354652827963324,0.7537727678706199,0.92548137708171,0.00985861876010152,-0.37860150495399897,0.006923059847486003
1723738785.4626167,0,0.7407474996080902,0.02431479510608974,0.7542784879092023,0.92548137708171,0.00985861876010152,-0.37860150495399897,0.006923059847486003
1723738785.4806507,0,0.7405001147989996,0.024297450574793815,0.7548254719884095,0.92548137708171,0.00985861876010152,-0.37860150495399897,0.006923059847486003
1723738785.4963095,0,0.7404703595004918,0.024295170551776806,0.7547959725101124,0.92548137708171,0.00985861876010152,-0.37860150495399897,0.006923059847486003
1723738785.5132456,0,0.7404604095122871,0.02430678662296617,0.7539863408718986,0.92548137708171,0.00985861876010152,-0.37860150495399897,0.006923059847486003
1723738785.5326562,0,0.7420256022743289,0.024386531907845583,0.7543258250137886,0.92548137708171,0.00985861876010152,-0.37860150495399897,0.006923059847486003
1723738785.5476315,0,0.7447448657914416,0.024463111651542916,0.7552454042472097,0.92548137708171,0.00985861876010152,-0.37860150495399897,0.006923059847486003
1723738785.5630715,0,0.7429441518405596,0.024441372454395302,0.7518660096858951,0.92548137708171,0.00985861876010152,-0.37860150495399897,0.006923059847486003
1723738785.579882,0,0.7438877854783469,0.024476533300229066,0.7517865895896684,0.92548137708171,0.00985861876010152,-0.37860150495399897,0.006923059847486003
1723738785.596782,0,0.7445396564300486,0.02449716641528674,0.7521962174570096,0.92548137708171,0.00985861876010152,-0.37860150495399897,0.006923059847486003
1723738785.6134849,0,0.7436707930014377,0.024462173391589986,0.751854646208453,0.92548137708171,0.00985861876010152,-0.37860150495399897,0.006923059847486003
1723738785.6298885,0,0.7430312110590985,0.02442585863012378,0.752434650605627,0.92548137708171,0.00985861876010152,-0.37860150495399897,0.006923059847486003
1723738785.645924,0,0.7440416515944597,0.024449037476063473,0.7550801630924822,0.92548137708171,0.00985861876010152,-0.37860150495399897,0.006923059847486003
1723738785.6670108,0,0.7413473615271922,0.024342258841984234,0.7539612300684083,0.92548137708171,0.00985861876010152,-0.37860150495399897,0.006923059847486003
1723738785.680778,0,0.7405291429306503,0.024303536590290973,0.7543636673744111,0.92548137708171,0.00985861876010152,-0.37860150495399897,0.006923059847486003
1723738785.696223,0,0.7405434459458617,0.02430098140119473,0.7549025517702415,0.92548137708171,0.00985861876010152,-0.37860150495399897,0.006923059847486003
1723738785.7137694,0,0.740381398068589,0.024301504999873956,0.7544665699847006,0.92548137708171,0.00985861876010152,-0.37860150495399897,0.006923059847486003
1723738785.7307408,0,0.7408500225142642,0.024330645847205876,0.7539060789566837,0.92548137708171,0.00985861876010152,-0.37860150495399897,0.006923059847486003
1723738785.7463076,0,0.7436464137839455,0.024427275197552053,0.7552498574515211,0.92548137708171,0.00985861876010152,-0.37860150495399897,0.006923059847486003
1723738785.7628887,0,0.74219557202371,0.02440648820918926,0.7521122573506744,0.92548137708171,0.00985861876010152,-0.37860150495399897,0.006923059847486003
1723738785.784704,0,0.7432982374905038,0.02445497804161154,0.7518347152130571,0.92548137708171,0.00985861876010152,-0.37860150495399897,0.006923059847486003
1723738785.796503,0,0.7439243816255551,0.024477202239961905,0.7516961796902552,0.92548137708171,0.00985861876010152,-0.37860150495399897,0.006923059847486003
1723738785.813837,0,0.7442266186442912,0.024484313857832056,0.7520180987241742,0.92548137708171,0.00985861876010152,-0.37860150495399897,0.006923059847486003
1723738785.830709,0,0.7432877147782864,0.024446490940989413,0.7518689511887858,0.92548137708171,0.00985861876010152,-0.37860150495399897,0.006923059847486003
1723738785.8467774,0,0.7427340140253635,0.02441252734999295,0.7526890348525417,0.92548137708171,0.00985861876010152,-0.37860150495399897,0.006923059847486003
1723738785.8625891,0,0.7434704198747579,0.024443085388442334,0.7549008739084622,0.92548137708171,0.00985861876010152,-0.37860150495399897,0.006923059847486003
1723738785.879525,0,0.7419548363874662,0.024371939693790777,0.7551889084601604,0.92548137708171,0.00985861876010152,-0.37860150495399897,0.006923059847486003
1723738785.8968415,0,0.7404330825560588,0.0243000354779757,0.7544839956772889,0.92548137708171,0.00985861876010152,-0.37860150495399897,0.006923059847486003
1723738785.9138515,0,0.7403829550477385,0.024296520129261336,0.7546740455299116,0.92548137708171,0.00985861876010152,-0.37860150495399897,0.006923059847486003
1723738785.929841,0,0.7403171948709428,0.024302561148518562,0.754079127100379,0.92548137708171,0.00985861876010152,-0.37860150495399897,0.006923059847486003
1723738785.9488192,0,0.7411575596996868,0.024343178921292532,0.7537035474786837,0.92548137708171,0.00985861876010152,-0.37860150495399897,0.006923059847486003
1723738785.964062,0,0.7455775065108624,0.024469998102582036,0.7566054585931986,0.92548137708171,0.00985861876010152,-0.37860150495399897,0.006923059847486003
1723738785.9798753,0,0.7426134359438327,0.024418802512002645,0.752027945195527,0.92548137708171,0.00985861876010152,-0.37860150495399897,0.006923059847486003
1723738785.9963083,0,0.7435500186324597,0.024461556945908656,0.7517850243020734,0.92548137708171,0.00985861876010152,-0.37860150495399897,0.006923059847486003
1723738786.0135689,0,0.7443786851422461,0.024487344073184668,0.7521377295197161,0.92548137708171,0.00985861876010152,-0.37860150495399897,0.006923059847486003
1723738786.0297291,0,0.7438213129093504,0.024468464465775386,0.7518479580644859,0.92548137708171,0.00985861876010152,-0.37860150495399897,0.006923059847486003
1723738786.0462313,0,0.7431621481588283,0.0244350287703437,0.7522112781462069,0.92548137708171,0.00985861876010152,-0.37860150495399897,0.006923059847486003
1723738786.0669389,0,0.7432656596453727,0.024438421656803926,0.7536406986169616,0.92548137708171,0.00985861876010152,-0.37860150495399897,0.006923059847486003
1723738786.081998,0,0.7415677827696266,0.02435289863585088,0.753665755870459,0.92548137708171,0.00985861876010152,-0.37860150495399897,0.006923059847486003
1723738786.0962656,0,0.7407737663855325,0.0243164001610062,0.7542217211241515,0.92548137708171,0.00985861876010152,-0.37860150495399897,0.006923059847486003
1723738786.1136131,0,0.7404834252318014,0.024299201584229106,0.7546599367503138,0.92548137708171,0.00985861876010152,-0.37860150495399897,0.006923059847486003
1723738786.1306417,0,0.7404393142580783,0.02429967024457838,0.7545806322732624,0.92548137708171,0.00985861876010152,-0.37860150495399897,0.006923059847486003
1723738786.1473486,0,0.7404712948273711,0.024311031189414963,0.753826001513731,0.92548137708171,0.00985861876010152,-0.37860150495399897,0.006923059847486003
1723738786.1637707,0,0.743303353954089,0.024455462633564587,0.755609297800842,0.92548137708171,0.00985861876010152,-0.37860150495399897,0.006923059847486003
1723738786.1851861,0,0.7440306635090846,0.02442725842975429,0.75432494430841,0.92548137708171,0.00985861876010152,-0.37860150495399897,0.006923059847486003
1723738786.2001033,0,0.7427328219970661,0.024431921165191377,0.7517049083929572,0.92548137708171,0.00985861876010152,-0.37860150495399897,0.006923059847486003
1723738786.2136226,0,0.7437317784607456,0.024467136836941846,0.7517592793469579,0.92548137708171,0.00985861876010152,-0.37860150495399897,0.006923059847486003
1723738786.2300608,0,0.7441669736566864,0.024482836612747357,0.751988446149331,0.92548137708171,0.00985861876010152,-0.37860150495399897,0.006923059847486003
1723738786.2478282,0,0.7436180101139546,0.02445681460483147,0.7519770431200752,0.92548137708171,0.00985861876010152,-0.37860150495399897,0.006923059847486003
1723738786.2639456,0,0.7428796461346124,0.024418468564237773,0.7524256452285869,0.92548137708171,0.00985861876010152,-0.37860150495399897,0.006923059847486003
1723738786.2807078,0,0.7435190945397645,0.02444284116965843,0.7544556549937681,0.92548137708171,0.00985861876010152,-0.37860150495399897,0.006923059847486003
1723738786.2967393,0,0.7413763538819751,0.02434424049635858,0.7539666990919127,0.92548137708171,0.00985861876010152,-0.37860150495399897,0.006923059847486003
1723738786.3190875,0,0.7406866368695127,0.024308873163001857,0.7544168611790774,0.92548137708171,0.00985861876010152,-0.37860150495399897,0.006923059847486003
1723738786.3305962,0,0.7406874847773479,0.024305236390287515,0.7548817693141019,0.92548137708171,0.00985861876010152,-0.37860150495399897,0.006923059847486003
1723738786.3479593,0,0.7406149258132233,0.024307940630271755,0.754522151850625,0.92548137708171,0.00985861876010152,-0.37860150495399897,0.006923059847486003
1723738786.364516,0,0.7408877020890066,0.02433197377322496,0.7537943894197185,0.92548137708171,0.00985861876010152,-0.37860150495399897,0.006923059847486003
1723738786.3806834,0,0.7417937367503648,0.024374318544126056,0.753237838357313,0.92548137708171,0.00985861876010152,-0.37860150495399897,0.006923059847486003
1723738786.3972673,0,0.7422977430886946,0.024405335914784453,0.7521981539692905,0.92548137708171,0.00985861876010152,-0.37860150495399897,0.006923059847486003
1723738786.413297,0,0.7431908166466361,0.02444679154313388,0.7518060231895318,0.92548137708171,0.00985861876010152,-0.37860150495399897,0.006923059847486003
1723738786.4309185,0,0.7440411811307963,0.024478629452625567,0.7519743039535304,0.92548137708171,0.00985861876010152,-0.37860150495399897,0.006923059847486003
1723738786.4470234,0,0.7441557849233241,0.02447733122633447,0.7521252337067437,0.92548137708171,0.00985861876010152,-0.37860150495399897,0.006923059847486003
1723738786.4635193,0,0.7433197120329673,0.02444369391155568,0.7520700591978035,0.92548137708171,0.00985861876010152,-0.37860150495399897,0.006923059847486003
1723738786.4828668,0,0.7426479137838988,0.024408969333806308,0.7527283958215202,0.92548137708171,0.00985861876010152,-0.37860150495399897,0.006923059847486003
1723738786.4982777,0,0.7419827005303056,0.02437122365253391,0.7535951911381968,0.92548137708171,0.00985861876010152,-0.37860150495399897,0.006923059847486003
1723738786.5141933,0,0.7411825980877935,0.02433580965976669,0.7541937050588374,0.92548137708171,0.00985861876010152,-0.37860150495399897,0.006923059847486003
1723738786.5310352,0,0.740625242661993,0.02430671466864279,0.7545524973254061,0.92548137708171,0.00985861876010152,-0.37860150495399897,0.006923059847486003
1723738786.5477953,0,0.7406404115294124,0.02430513058312102,0.7547706209431247,0.92548137708171,0.00985861876010152,-0.37860150495399897,0.006923059847486003
1723738786.5661068,0,0.740519057957661,0.024309013445088068,0.7540978646162169,0.92548137708171,0.00985861876010152,-0.37860150495399897,0.006923059847486003
1723738786.5803766,0,0.7410561525312858,0.024339408322023717,0.7534596050445399,0.92548137708171,0.00985861876010152,-0.37860150495399897,0.006923059847486003
1723738786.597877,0,0.742410120970678,0.02441249519397467,0.7534811558558516,0.92548137708171,0.00985861876010152,-0.37860150495399897,0.006923059847486003
1723738786.6188526,0,0.7423921601044504,0.024413925526557106,0.7518311021168029,0.92548137708171,0.00985861876010152,-0.37860150495399897,0.006923059847486003
1723738786.6308794,0,0.7436244323117708,0.024459391359191104,0.7519650159972526,0.92548137708171,0.00985861876010152,-0.37860150495399897,0.006923059847486003
1723738786.647539,0,0.7442933383520641,0.024485605131910927,0.7522148048679768,0.92548137708171,0.00985861876010152,-0.37860150495399897,0.006923059847486003
1723738786.664286,0,0.7440281271811309,0.024471224107274366,0.7522311674444672,0.92548137708171,0.00985861876010152,-0.37860150495399897,0.006923059847486003
1723738786.6808882,0,0.7429027225876907,0.02442465479267146,0.7520886456316325,0.92548137708171,0.00985861876010152,-0.37860150495399897,0.006923059847486003
1723738786.6967807,0,0.7425954269168302,0.024398605934419094,0.7531931381716225,0.92548137708171,0.00985861876010152,-0.37860150495399897,0.006923059847486003
1723738786.7138016,0,0.7415767525168234,0.024352804292403375,0.7536940778511295,0.92548137708171,0.00985861876010152,-0.37860150495399897,0.006923059847486003
1723738786.7349496,0,0.7410393686521044,0.024323471524403218,0.7544019495234635,0.92548137708171,0.00985861876010152,-0.37860150495399897,0.006923059847486003
1723738786.7484162,0,0.7407362295819755,0.024305064015072007,0.7547637442962859,0.92548137708171,0.00985861876010152,-0.37860150495399897,0.006923059847486003
1723738786.7639444,0,0.7404350069452968,0.024302223944862852,0.7544031235814703,0.92548137708171,0.00985861876010152,-0.37860150495399897,0.006923059847486003
1723738786.7815094,0,0.7406881466193422,0.024320820417966443,0.7538776722737336,0.92548137708171,0.00985861876010152,-0.37860150495399897,0.006923059847486003
1723738786.7985284,0,0.7413975875330667,0.024354864628275744,0.7532748103320177,0.92548137708171,0.00985861876010152,-0.37860150495399897,0.006923059847486003
1723738786.8136232,0,0.742039902663336,0.024393365019566324,0.7524219235491864,0.92548137708171,0.00985861876010152,-0.37860150495399897,0.006923059847486003
1723738786.8315477,0,0.7428372539257788,0.02443069223338542,0.7518738539773614,0.92548137708171,0.00985861876010152,-0.37860150495399897,0.006923059847486003
1723738786.8473487,0,0.7438238193858239,0.02446983665478185,0.7519804969362491,0.92548137708171,0.00985861876010152,-0.37860150495399897,0.006923059847486003
1723738786.8639445,0,0.744017689167242,0.02447645344849181,0.7519939618189758,0.92548137708171,0.00985861876010152,-0.37860150495399897,0.006923059847486003
1723738786.8803694,0,0.7434013589406617,0.02444909175944544,0.7519209776924993,0.92548137708171,0.00985861876010152,-0.37860150495399897,0.006923059847486003
1723738786.8991272,0,0.7427045979755887,0.024413771776822246,0.7523791653714023,0.92548137708171,0.00985861876010152,-0.37860150495399897,0.006923059847486003
1723738786.9149907,0,0.7422084770116257,0.02438336147943558,0.7533515352559735,0.92548137708171,0.00985861876010152,-0.37860150495399897,0.006923059847486003
1723738786.930769,0,0.742148995536818,0.024381425227554775,0.7548853650541157,0.92548137708171,0.00985861876010152,-0.37860150495399897,0.006923059847486003
1723738786.9474235,0,0.7407281862274905,0.024312819303187596,0.7543507001260664,0.92548137708171,0.00985861876010152,-0.37860150495399897,0.006923059847486003
1723738786.9642794,0,0.7407202268240328,0.024309449784592412,0.7547575674306298,0.92548137708171,0.00985861876010152,-0.37860150495399897,0.006923059847486003
1723738786.9821107,0,0.7404528615924372,0.024307249208363135,0.7541782968256766,0.92548137708171,0.00985861876010152,-0.37860150495399897,0.006923059847486003
1723738786.9971511,0,0.741037492194046,0.024335745388366418,0.7537938394018672,0.92548137708171,0.00985861876010152,-0.37860150495399897,0.006923059847486003
1723738787.0159411,0,0.7417415989011625,0.024372690816095038,0.7530907476249211,0.92548137708171,0.00985861876010152,-0.37860150495399897,0.006923059847486003
1723738787.0314918,0,0.7423479570912769,0.024404934534718613,0.7522374852185209,0.92548137708171,0.00985861876010152,-0.37860150495399897,0.006923059847486003
1723738787.0480137,0,0.7431339025838175,0.02443764190416938,0.7518316455236402,0.92548137708171,0.00985861876010152,-0.37860150495399897,0.006923059847486003
1723738787.065205,0,0.7441099310816335,0.024475327494742644,0.7521872302801225,0.92548137708171,0.00985861876010152,-0.37860150495399897,0.006923059847486003
1723738787.0818675,0,0.7439796050679074,0.02447398842390546,0.7521196687374644,0.92548137708171,0.00985861876010152,-0.37860150495399897,0.006923059847486003
1723738787.0980098,0,0.7430836716228781,0.0244334139209013,0.7519780522891958,0.92548137708171,0.00985861876010152,-0.37860150495399897,0.006923059847486003
1723738787.1143694,0,0.7426098536496509,0.02440598887671426,0.7527811980164912,0.92548137708171,0.00985861876010152,-0.37860150495399897,0.006923059847486003
1723738787.1307106,0,0.7418084986794248,0.02436582411117804,0.753453396830568,0.92548137708171,0.00985861876010152,-0.37860150495399897,0.006923059847486003
1723738787.1518266,0,0.7411520449380662,0.024334179244950904,0.7541090942012852,0.92548137708171,0.00985861876010152,-0.37860150495399897,0.006923059847486003
1723738787.1646519,0,0.7408980868829074,0.0243150095515927,0.7546971885280929,0.92548137708171,0.00985861876010152,-0.37860150495399897,0.006923059847486003
1723738787.1812694,0,0.7407541856672497,0.024307524121172232,0.7547143050364232,0.92548137708171,0.00985861876010152,-0.37860150495399897,0.006923059847486003
1723738787.1986442,0,0.7405953329094753,0.024311313375557468,0.7540069991303318,0.92548137708171,0.00985861876010152,-0.37860150495399897,0.006923059847486003
1723738787.2147868,0,0.7411293072390317,0.024341320361210478,0.7533954990129822,0.92548137708171,0.00985861876010152,-0.37860150495399897,0.006923059847486003
1723738787.231673,0,0.7417812084295942,0.024378817009477763,0.7526249611213016,0.92548137708171,0.00985861876010152,-0.37860150495399897,0.006923059847486003
1723738787.2476788,0,0.7429647039271283,0.024439045440431975,0.7525822807422451,0.92548137708171,0.00985861876010152,-0.37860150495399897,0.006923059847486003
1723738787.265306,0,0.7433938156683038,0.024449669822932823,0.7518409010787086,0.92548137708171,0.00985861876010152,-0.37860150495399897,0.006923059847486003
1723738787.2818363,0,0.7441001612111485,0.024475789147381775,0.752160445312523,0.92548137708171,0.00985861876010152,-0.37860150495399897,0.006923059847486003
1723738787.297631,0,0.7437356675880559,0.024462640818609233,0.7521108991163947,0.92548137708171,0.00985861876010152,-0.37860150495399897,0.006923059847486003
1723738787.31519,0,0.7428176967493867,0.02442205103639645,0.7521478616266011,0.92548137708171,0.00985861876010152,-0.37860150495399897,0.006923059847486003
1723738787.3325834,0,0.742391710510412,0.024393903083768924,0.7530908196649714,0.92548137708171,0.00985861876010152,-0.37860150495399897,0.006923059847486003
1723738787.3478,0,0.7415423035737415,0.024351587529253815,0.7536535035824277,0.92548137708171,0.00985861876010152,-0.37860150495399897,0.006923059847486003
1723738787.3656201,0,0.7410992136880848,0.02432476225414369,0.754370510601135,0.92548137708171,0.00985861876010152,-0.37860150495399897,0.006923059847486003
1723738787.3826911,0,0.7408554057367202,0.024312801806086328,0.7547394606790527,0.92548137708171,0.00985861876010152,-0.37860150495399897,0.006923059847486003
1723738787.3991182,0,0.7407601642736664,0.02431217585340475,0.7545703156797086,0.92548137708171,0.00985861876010152,-0.37860150495399897,0.006923059847486003
1723738787.4160464,0,0.7408553535022059,0.02432611959390036,0.7539038709752385,0.92548137708171,0.00985861876010152,-0.37860150495399897,0.006923059847486003
1723738787.4333463,0,0.7414323789467696,0.024354967809083347,0.7532170080863497,0.92548137708171,0.00985861876010152,-0.37860150495399897,0.006923059847486003
1723738787.4491577,0,0.7420337382257804,0.02439146442872913,0.7523894504381966,0.92548137708171,0.00985861876010152,-0.37860150495399897,0.006923059847486003
1723738787.4644256,0,0.7428080408485017,0.024423887234240365,0.751893565036911,0.92548137708171,0.00985861876010152,-0.37860150495399897,0.006923059847486003
1723738787.4813395,0,0.7438807159056412,0.024467565591545615,0.7521731461625663,0.92548137708171,0.00985861876010152,-0.37860150495399897,0.006923059847486003
1723738787.4982576,0,0.7441031609212532,0.02447568874766625,0.7522541612093351,0.92548137708171,0.00985861876010152,-0.37860150495399897,0.006923059847486003
1723738787.515063,0,0.7434481490437287,0.024445483853441308,0.7521273990084203,0.92548137708171,0.00985861876010152,-0.37860150495399897,0.006923059847486003
1723738787.531488,0,0.7426153523359703,0.024407455461578752,0.7524091062645918,0.92548137708171,0.00985861876010152,-0.37860150495399897,0.006923059847486003
1723738787.5496757,0,0.7422325724452843,0.024383131570846303,0.7534205640187328,0.92548137708171,0.00985861876010152,-0.37860150495399897,0.006923059847486003
1723738787.5658636,0,0.7413573381619719,0.024343386506099338,0.7538982612234277,0.92548137708171,0.00985861876010152,-0.37860150495399897,0.006923059847486003
1723738787.5817993,0,0.7409337572568534,0.024318348147048967,0.7544517587964662,0.92548137708171,0.00985861876010152,-0.37860150495399897,0.006923059847486003
1723738787.5982296,0,0.7408904170119222,0.02431419473592822,0.7547770437338576,0.92548137708171,0.00985861876010152,-0.37860150495399897,0.006923059847486003
1723738787.6156645,0,0.7407435051827098,0.024318461216044553,0.7543100463061646,0.92548137708171,0.00985861876010152,-0.37860150495399897,0.006923059847486003
1723738787.6324947,0,0.7409801654647657,0.024334351606872917,0.7535999435496464,0.92548137708171,0.00985861876010152,-0.37860150495399897,0.006923059847486003
1723738787.6480844,0,0.7417257114007191,0.024367409900420064,0.7530069529109583,0.92548137708171,0.00985861876010152,-0.37860150495399897,0.006923059847486003
1723738787.6684034,0,0.7421839090384973,0.02439838767366576,0.7520941601011062,0.92548137708171,0.00985861876010152,-0.37860150495399897,0.006923059847486003
1723738787.6833186,0,0.7430855274385575,0.024434207743109795,0.7518743815357701,0.92548137708171,0.00985861876010152,-0.37860150495399897,0.006923059847486003
1723738787.6978836,0,0.7439761761363887,0.02446857707664136,0.7521851898836847,0.92548137708171,0.00985861876010152,-0.37860150495399897,0.006923059847486003
1723738787.7155344,0,0.7438098935101455,0.024465105930239,0.7521026153674313,0.92548137708171,0.00985861876010152,-0.37860150495399897,0.006923059847486003
1723738787.7326648,0,0.7429424986470367,0.02442917433962471,0.7519896522198524,0.92548137708171,0.00985861876010152,-0.37860150495399897,0.006923059847486003
1723738787.7491837,0,0.7424929132562909,0.024401074270328626,0.7527589298430487,0.92548137708171,0.00985861876010152,-0.37860150495399897,0.006923059847486003
1723738787.7649863,0,0.7418025691058862,0.02436559764134797,0.7534648012300266,0.92548137708171,0.00985861876010152,-0.37860150495399897,0.006923059847486003
1723738787.7871337,0,0.7412053902331147,0.024336184043577885,0.7541065047744345,0.92548137708171,0.00985861876010152,-0.37860150495399897,0.006923059847486003
1723738787.8019307,0,0.7408558712421829,0.024315227240722118,0.7545334203113211,0.92548137708171,0.00985861876010152,-0.37860150495399897,0.006923059847486003
1723738787.8162048,0,0.7406699721782536,0.024307874600073297,0.7544751114688922,0.92548137708171,0.00985861876010152,-0.37860150495399897,0.006923059847486003
1723738787.8319852,0,0.740661686730701,0.02431511571457043,0.7539259728789337,0.92548137708171,0.00985861876010152,-0.37860150495399897,0.006923059847486003
1723738787.849968,0,0.7410723330766736,0.024340377404602313,0.7532442973575602,0.92548137708171,0.00985861876010152,-0.37860150495399897,0.006923059847486003
1723738787.8655899,0,0.7417740222659512,0.024377783280952227,0.7525895422142758,0.92548137708171,0.00985861876010152,-0.37860150495399897,0.006923059847486003
1723738787.882459,0,0.7423916634450567,0.024408124993702415,0.751894112462008,0.92548137708171,0.00985861876010152,-0.37860150495399897,0.006923059847486003
1723738787.898672,0,0.7433342362548286,0.02444621311011855,0.7518850139208113,0.92548137708171,0.00985861876010152,-0.37860150495399897,0.006923059847486003
1723738787.919906,0,0.7439830841096747,0.024473458570111333,0.7521973910786158,0.92548137708171,0.00985861876010152,-0.37860150495399897,0.006923059847486003
1723738787.9316244,0,0.7436268295052587,0.02445922662641206,0.7521516032219723,0.92548137708171,0.00985861876010152,-0.37860150495399897,0.006923059847486003
1723738787.9486542,0,0.7427734310295949,0.02441660612696287,0.7522304919212394,0.92548137708171,0.00985861876010152,-0.37860150495399897,0.006923059847486003
1723738787.9663618,0,0.7422706733249788,0.024389659947473177,0.753019627958189,0.92548137708171,0.00985861876010152,-0.37860150495399897,0.006923059847486003
1723738787.983442,0,0.7414866477931271,0.024351280684066407,0.7535832273260038,0.92548137708171,0.00985861876010152,-0.37860150495399897,0.006923059847486003
1723738787.999001,0,0.7410794684927613,0.024326275541201786,0.7542714221437712,0.92548137708171,0.00985861876010152,-0.37860150495399897,0.006923059847486003
1723738788.016002,0,0.7407758931893589,0.0243120959464389,0.7545256691197975,0.92548137708171,0.00985861876010152,-0.37860150495399897,0.006923059847486003
1723738788.0330539,0,0.7407130407668281,0.024317108588300957,0.7543643512459958,0.92548137708171,0.00985861876010152,-0.37860150495399897,0.006923059847486003
1723738788.0492153,0,0.740892240738291,0.0243300009380107,0.753806317633888,0.92548137708171,0.00985861876010152,-0.37860150495399897,0.006923059847486003
1723738788.0659883,0,0.7412954019572391,0.0243533337469669,0.7530089408684598,0.92548137708171,0.00985861876010152,-0.37860150495399897,0.006923059847486003
1723738788.0834289,0,0.7418358403896113,0.02438703212561843,0.7521871042804982,0.92548137708171,0.00985861876010152,-0.37860150495399897,0.006923059847486003
1723738788.1001935,0,0.7427568438772928,0.024424757099551192,0.7519091299259049,0.92548137708171,0.00985861876010152,-0.37860150495399897,0.006923059847486003
1723738788.1153781,0,0.7438640975488007,0.024465471434037458,0.7522748782679737,0.92548137708171,0.00985861876010152,-0.37860150495399897,0.006923059847486003
1723738788.1322432,0,0.7440878173091553,0.024473168470337175,0.752377307021185,0.92548137708171,0.00985861876010152,-0.37860150495399897,0.006923059847486003
1723738788.1495283,0,0.7433875878472637,0.024445524339966763,0.7522103655542142,0.92548137708171,0.00985861876010152,-0.37860150495399897,0.006923059847486003
1723738788.1666296,0,0.7425246145784538,0.024406705464093088,0.7524131058334845,0.92548137708171,0.00985861876010152,-0.37860150495399897,0.006923059847486003
1723738788.1820552,0,0.7420939044786272,0.024378964448012908,0.7533082508903098,0.92548137708171,0.00985861876010152,-0.37860150495399897,0.006923059847486003
1723738788.2003856,0,0.7412683810560095,0.024342626302191323,0.753760469220015,0.92548137708171,0.00985861876010152,-0.37860150495399897,0.006923059847486003
1723738788.2166805,0,0.740827158471475,0.02431982051182571,0.7542345432650353,0.92548137708171,0.00985861876010152,-0.37860150495399897,0.006923059847486003
1723738788.2332108,0,0.7408352203835189,0.024313847911547518,0.7545794208550138,0.92548137708171,0.00985861876010152,-0.37860150495399897,0.006923059847486003
1723738788.2488272,0,0.7406516816635558,0.02431802796406403,0.7540705541948637,0.92548137708171,0.00985861876010152,-0.37860150495399897,0.006923059847486003
1723738788.2662282,0,0.7409611084373378,0.024334147627270274,0.7534706016085732,0.92548137708171,0.00985861876010152,-0.37860150495399897,0.006923059847486003
1723738788.2829359,0,0.7416190029907703,0.024368739489138834,0.7528603007447529,0.92548137708171,0.00985861876010152,-0.37860150495399897,0.006923059847486003
1723738788.2996411,0,0.7420281484114967,0.024393735690022636,0.7519581772330811,0.92548137708171,0.00985861876010152,-0.37860150495399897,0.006923059847486003
1723738788.3171527,0,0.7428421753548666,0.024429676600490623,0.7517143243106816,0.92548137708171,0.00985861876010152,-0.37860150495399897,0.006923059847486003
1723738788.3332555,0,0.7438040187171144,0.02446772508470836,0.7521492902893109,0.92548137708171,0.00985861876010152,-0.37860150495399897,0.006923059847486003
1723738788.348959,0,0.743814721638089,0.024464485024363127,0.7522583969463836,0.92548137708171,0.00985861876010152,-0.37860150495399897,0.006923059847486003
1723738788.365299,0,0.742887598157138,0.024427452700363537,0.7520529398625394,0.92548137708171,0.00985861876010152,-0.37860150495399897,0.006923059847486003
1723738788.3838444,0,0.7423668975010331,0.024399759032453137,0.7527053233023864,0.92548137708171,0.00985861876010152,-0.37860150495399897,0.006923059847486003
1723738788.3997147,0,0.741867372210242,0.024369339033898013,0.7535260373510853,0.92548137708171,0.00985861876010152,-0.37860150495399897,0.006923059847486003
1723738788.4161565,0,0.74120094559788,0.024335851442451026,0.7540220796572192,0.92548137708171,0.00985861876010152,-0.37860150495399897,0.006923059847486003
1723738788.4370997,0,0.7409876920550169,0.024318745748348667,0.7545413943945504,0.92548137708171,0.00985861876010152,-0.37860150495399897,0.006923059847486003
1723738788.4519203,0,0.7407660919476455,0.024313039175845038,0.754428411735833,0.92548137708171,0.00985861876010152,-0.37860150495399897,0.006923059847486003
1723738788.4655213,0,0.7407408253368077,0.024321636593521108,0.7538685040578478,0.92548137708171,0.00985861876010152,-0.37860150495399897,0.006923059847486003
1723738788.483142,0,0.7411136216676968,0.024341010560577216,0.753199399080958,0.92548137708171,0.00985861876010152,-0.37860150495399897,0.006923059847486003
1723738788.5003388,0,0.7417792072104308,0.024380763388579897,0.7525634095212289,0.92548137708171,0.00985861876010152,-0.37860150495399897,0.006923059847486003
1723738788.5160136,0,0.7424375728506387,0.024410074383089838,0.7519805474130601,0.92548137708171,0.00985861876010152,-0.37860150495399897,0.006923059847486003
1723738788.531924,0,0.7433137430518328,0.02444506147492924,0.7519676010939524,0.92548137708171,0.00985861876010152,-0.37860150495399897,0.006923059847486003
1723738788.549656,0,0.7440692278361122,0.024473496452273442,0.7524277978666296,0.92548137708171,0.00985861876010152,-0.37860150495399897,0.006923059847486003
1723738788.57032,0,0.7434851958925259,0.024450706096091783,0.7521538227127421,0.92548137708171,0.00985861876010152,-0.37860150495399897,0.006923059847486003
1723738788.5821898,0,0.7427530699170416,0.02441724193631645,0.7523105175602134,0.92548137708171,0.00985861876010152,-0.37860150495399897,0.006923059847486003
1723738788.5999966,0,0.7424886199465198,0.024394256389296622,0.7532821026464894,0.92548137708171,0.00985861876010152,-0.37860150495399897,0.006923059847486003
1723738788.6174057,0,0.7413953090583357,0.02434733912982457,0.7534583944951576,0.92548137708171,0.00985861876010152,-0.37860150495399897,0.006923059847486003
1723738788.63391,0,0.741137578120841,0.02432871249519198,0.7542416335280124,0.92548137708171,0.00985861876010152,-0.37860150495399897,0.006923059847486003
1723738788.6493335,0,0.7409713899371969,0.024318289161865472,0.7545944413315396,0.92548137708171,0.00985861876010152,-0.37860150495399897,0.006923059847486003
1723738788.6661992,0,0.7408291936541068,0.024319918894315565,0.7543303393434758,0.92548137708171,0.00985861876010152,-0.37860150495399897,0.006923059847486003
1723738788.6835823,0,0.7410054192609762,0.024332920535129757,0.7537894830107394,0.92548137708171,0.00985861876010152,-0.37860150495399897,0.006923059847486003
1723738788.699577,0,0.741401088460684,0.02435406174413585,0.7530487804749227,0.92548137708171,0.00985861876010152,-0.37860150495399897,0.006923059847486003
1723738788.7160976,0,0.741970303338204,0.024387482187535642,0.7523196660686008,0.92548137708171,0.00985861876010152,-0.37860150495399897,0.006923059847486003
1723738788.73511,0,0.742742662521499,0.024419276717452577,0.751956895566753,0.92548137708171,0.00985861876010152,-0.37860150495399897,0.006923059847486003
1723738788.7508914,0,0.7437954362638167,0.02445856042583598,0.7523195192985527,0.92548137708171,0.00985861876010152,-0.37860150495399897,0.006923059847486003
1723738788.7656345,0,0.7439065196728561,0.024461240981027994,0.7523407378661545,0.92548137708171,0.00985861876010152,-0.37860150495399897,0.006923059847486003
1723738788.783516,0,0.7432520299791152,0.02443612885373526,0.7522029675740701,0.92548137708171,0.00985861876010152,-0.37860150495399897,0.006923059847486003
1723738788.8006632,0,0.7425504859738704,0.02440479743448433,0.75252581976162,0.92548137708171,0.00985861876010152,-0.37860150495399897,0.006923059847486003
1723738788.8170435,0,0.7421259786715955,0.02438055528121668,0.7533648475639937,0.92548137708171,0.00985861876010152,-0.37860150495399897,0.006923059847486003
1723738788.8331127,0,0.7414062739035839,0.024345295936481375,0.7538590278600356,0.92548137708171,0.00985861876010152,-0.37860150495399897,0.006923059847486003
1723738788.8538167,0,0.7411233771028721,0.024326716562322596,0.754430934050727,0.92548137708171,0.00985861876010152,-0.37860150495399897,0.006923059847486003
1723738788.8691795,0,0.7410343255749983,0.02432000934804492,0.7546457201523697,0.92548137708171,0.00985861876010152,-0.37860150495399897,0.006923059847486003
1723738788.882854,0,0.740874368822106,0.02432539148965423,0.7541590854658893,0.92548137708171,0.00985861876010152,-0.37860150495399897,0.006923059847486003
1723738788.9000068,0,0.7410733027751677,0.024336773714963244,0.7534824752469701,0.92548137708171,0.00985861876010152,-0.37860150495399897,0.006923059847486003
1723738788.917181,0,0.7416083783227543,0.024367054312891122,0.7528116865364007,0.92548137708171,0.00985861876010152,-0.37860150495399897,0.006923059847486003
1723738788.934012,0,0.7422206766914838,0.024399634201285058,0.7521691076120357,0.92548137708171,0.00985861876010152,-0.37860150495399897,0.006923059847486003
1723738788.9498775,0,0.7429569265228235,0.024429866116308287,0.7519109342235908,0.92548137708171,0.00985861876010152,-0.37860150495399897,0.006923059847486003
1723738788.9662251,0,0.7438266307517886,0.02446474670835499,0.7522973935379303,0.92548137708171,0.00985861876010152,-0.37860150495399897,0.006923059847486003
1723738788.9833167,0,0.7436671096235471,0.024459388431416516,0.7522549928019167,0.92548137708171,0.00985861876010152,-0.37860150495399897,0.006923059847486003
1723738789.0003066,0,0.743062961766936,0.024431042125718602,0.7523535809155699,0.92548137708171,0.00985861876010152,-0.37860150495399897,0.006923059847486003
1723738789.016992,0,0.7425862016365254,0.024402335559392807,0.7529829825162917,0.92548137708171,0.00985861876010152,-0.37860150495399897,0.006923059847486003
1723738789.034289,0,0.7417236284987285,0.024362374019259246,0.7533795945843482,0.92548137708171,0.00985861876010152,-0.37860150495399897,0.006923059847486003
1723738789.0505528,0,0.7413270680010772,0.02434057834473959,0.7540982974243854,0.92548137708171,0.00985861876010152,-0.37860150495399897,0.006923059847486003
1723738789.0673685,0,0.7411299147667385,0.024323740922873743,0.75457902123116,0.92548137708171,0.00985861876010152,-0.37860150495399897,0.006923059847486003
1723738789.0832508,0,0.7409254657131251,0.024319891239361895,0.754452988160648,0.92548137708171,0.00985861876010152,-0.37860150495399897,0.006923059847486003
1723738789.100779,0,0.7409067804556014,0.024329479851786677,0.7539110707534371,0.92548137708171,0.00985861876010152,-0.37860150495399897,0.006923059847486003
1723738789.117031,0,0.741117292940043,0.024343697696940853,0.7531275720537262,0.92548137708171,0.00985861876010152,-0.37860150495399897,0.006923059847486003
1723738789.1334927,0,0.7417522169441387,0.024379055120830932,0.7525171840828262,0.92548137708171,0.00985861876010152,-0.37860150495399897,0.006923059847486003
1723738789.1545112,0,0.742409740111296,0.024409069755868304,0.7519914636008661,0.92548137708171,0.00985861876010152,-0.37860150495399897,0.006923059847486003
1723738789.1696408,0,0.7433125204536155,0.024443350168813473,0.7520701478382061,0.92548137708171,0.00985861876010152,-0.37860150495399897,0.006923059847486003
1723738789.1836424,0,0.7439474201911719,0.024465851791367853,0.7524369539691523,0.92548137708171,0.00985861876010152,-0.37860150495399897,0.006923059847486003
1723738789.2001352,0,0.7434867486206431,0.024448504705399582,0.7522877469871427,0.92548137708171,0.00985861876010152,-0.37860150495399897,0.006923059847486003
1723738789.2176697,0,0.7427153632268821,0.024412251720983224,0.7523723886633138,0.92548137708171,0.00985861876010152,-0.37860150495399897,0.006923059847486003
1723738789.234414,0,0.7423518345235312,0.02438883111859113,0.7531950857351759,0.92548137708171,0.00985861876010152,-0.37860150495399897,0.006923059847486003
1723738789.2499135,0,0.7414316382142951,0.02434793444917644,0.753480543408514,0.92548137708171,0.00985861876010152,-0.37860150495399897,0.006923059847486003
1723738789.2670164,0,0.7411960257737364,0.024331976815187416,0.7542204818539197,0.92548137708171,0.00985861876010152,-0.37860150495399897,0.006923059847486003
1723738789.287778,0,0.7411707360481788,0.024326360358069093,0.7546779288317955,0.92548137708171,0.00985861876010152,-0.37860150495399897,0.006923059847486003
1723738789.3000596,0,0.7408745476582844,0.02432276559367387,0.7542446124405358,0.92548137708171,0.00985861876010152,-0.37860150495399897,0.006923059847486003
1723738789.3165705,0,0.7410187284423512,0.024333894075911647,0.753693537011989,0.92548137708171,0.00985861876010152,-0.37860150495399897,0.006923059847486003
1723738789.334257,0,0.7414224462500527,0.0243575946021057,0.7530014372815014,0.92548137708171,0.00985861876010152,-0.37860150495399897,0.006923059847486003
1723738789.350652,0,0.7419661896939659,0.024390222875637368,0.7523215025450218,0.92548137708171,0.00985861876010152,-0.37860150495399897,0.006923059847486003
1723738789.366635,0,0.7427890128965746,0.024420444490941953,0.7520672247108916,0.92548137708171,0.00985861876010152,-0.37860150495399897,0.006923059847486003
1723738789.3839724,0,0.7436476740117419,0.02445338331672857,0.752279262799121,0.92548137708171,0.00985861876010152,-0.37860150495399897,0.006923059847486003
1723738789.4003148,0,0.7436577401545851,0.024456884822562322,0.7522218865009807,0.92548137708171,0.00985861876010152,-0.37860150495399897,0.006923059847486003
1723738789.4174588,0,0.7431499108170962,0.024436052791788426,0.752228496855467,0.92548137708171,0.00985861876010152,-0.37860150495399897,0.006923059847486003
1723738789.4336882,0,0.7424537902153308,0.024404746389160657,0.7525087299116374,0.92548137708171,0.00985861876010152,-0.37860150495399897,0.006923059847486003
1723738789.451509,0,0.7420331670961616,0.02437914827802353,0.7532878501712325,0.92548137708171,0.00985861876010152,-0.37860150495399897,0.006923059847486003
1723738789.46774,0,0.741362486521827,0.024346015809533092,0.7537754152477829,0.92548137708171,0.00985861876010152,-0.37860150495399897,0.006923059847486003
1723738789.4833186,0,0.7411230592632464,0.02432989060171611,0.754346419259383,0.92548137708171,0.00985861876010152,-0.37860150495399897,0.006923059847486003
1723738789.5005083,0,0.7411761584752585,0.024325442715906666,0.7546563967124382,0.92548137708171,0.00985861876010152,-0.37860150495399897,0.006923059847486003
1723738789.5179794,0,0.7408903563906019,0.024324680099965194,0.7540401404810347,0.92548137708171,0.00985861876010152,-0.37860150495399897,0.006923059847486003
1723738789.533929,0,0.7411840254389409,0.0243421386601488,0.7534890011811983,0.92548137708171,0.00985861876010152,-0.37860150495399897,0.006923059847486003
1723738789.5503023,0,0.7417017500381656,0.024369522388368307,0.7528525763901485,0.92548137708171,0.00985861876010152,-0.37860150495399897,0.006923059847486003
1723738789.5705063,0,0.7422936781620633,0.024400317499278658,0.7522534588772946,0.92548137708171,0.00985861876010152,-0.37860150495399897,0.006923059847486003
1723738789.58538,0,0.7429602614922478,0.02443017266028324,0.7519844139210136,0.92548137708171,0.00985861876010152,-0.37860150495399897,0.006923059847486003
1723738789.6005669,0,0.743789458024699,0.024462770901101695,0.7523762354053563,0.92548137708171,0.00985861876010152,-0.37860150495399897,0.006923059847486003
1723738789.6172655,0,0.7436023298681543,0.02445292866445259,0.7523181234257754,0.92548137708171,0.00985861876010152,-0.37860150495399897,0.006923059847486003
1723738789.6344235,0,0.7428495319667316,0.024422865181284687,0.752253862414224,0.92548137708171,0.00985861876010152,-0.37860150495399897,0.006923059847486003
1723738789.6513162,0,0.7425407823532909,0.02440203892877558,0.7530087935832349,0.92548137708171,0.00985861876010152,-0.37860150495399897,0.006923059847486003
1723738789.6668139,0,0.7418781181761315,0.02436635581778867,0.7535421837007973,0.92548137708171,0.00985861876010152,-0.37860150495399897,0.006923059847486003
1723738789.6889882,0,0.7413710579633168,0.024339003776164266,0.7540876188989667,0.92548137708171,0.00985861876010152,-0.37860150495399897,0.006923059847486003
1723738789.7036862,0,0.7411527270715261,0.024325755300408734,0.7544985920725787,0.92548137708171,0.00985861876010152,-0.37860150495399897,0.006923059847486003
1723738789.7170045,0,0.7411058989016799,0.024326715750973567,0.7545081332038825,0.92548137708171,0.00985861876010152,-0.37860150495399897,0.006923059847486003
1723738789.7335873,0,0.7410441734182633,0.024333135713646318,0.7539224876361846,0.92548137708171,0.00985861876010152,-0.37860150495399897,0.006923059847486003
1723738789.7509642,0,0.7413916828175778,0.02435383253663638,0.7533030000541817,0.92548137708171,0.00985861876010152,-0.37860150495399897,0.006923059847486003
1723738789.767491,0,0.7418577511202062,0.024384107575137818,0.7525923154355663,0.92548137708171,0.00985861876010152,-0.37860150495399897,0.006923059847486003
1723738789.7841096,0,0.7425171464886915,0.024412676245091858,0.7521352875883777,0.92548137708171,0.00985861876010152,-0.37860150495399897,0.006923059847486003
1723738789.8009791,0,0.7432542645255759,0.024441858686848245,0.7520948133710281,0.92548137708171,0.00985861876010152,-0.37860150495399897,0.006923059847486003
1723738789.8212113,0,0.7438871150452702,0.024462044029648668,0.7524991660281297,0.92548137708171,0.00985861876010152,-0.37860150495399897,0.006923059847486003
1723738789.8335807,0,0.7433789773735299,0.02444445092686559,0.7523137218273794,0.92548137708171,0.00985861876010152,-0.37860150495399897,0.006923059847486003
1723738789.8503468,0,0.7428223824177485,0.024415575117387643,0.7525854717142737,0.92548137708171,0.00985861876010152,-0.37860150495399897,0.006923059847486003
1723738789.8682492,0,0.7424795914134998,0.02439295774094921,0.7533601452542822,0.92548137708171,0.00985861876010152,-0.37860150495399897,0.006923059847486003
1723738789.88437,0,0.7415765473449109,0.024355033171547923,0.7536289084635943,0.92548137708171,0.00985861876010152,-0.37860150495399897,0.006923059847486003
1723738789.900588,0,0.7412017701276923,0.024336222895698284,0.7541651793308553,0.92548137708171,0.00985861876010152,-0.37860150495399897,0.006923059847486003
1723738789.9182894,0,0.7411147215388523,0.024325817391876562,0.7545090551794714,0.92548137708171,0.00985861876010152,-0.37860150495399897,0.006923059847486003
1723738789.9345264,0,0.7410023037630756,0.02432696795369824,0.7542400530619137,0.92548137708171,0.00985861876010152,-0.37860150495399897,0.006923059847486003
1723738789.950703,0,0.7411779947093253,0.02434277386997863,0.7537343210002756,0.92548137708171,0.00985861876010152,-0.37860150495399897,0.006923059847486003
1723738789.9672644,0,0.7416134392604881,0.024365641063594276,0.7531217116605882,0.92548137708171,0.00985861876010152,-0.37860150495399897,0.006923059847486003
1723738789.9852068,0,0.742122961856009,0.024392138679707256,0.7524541821573042,0.92548137708171,0.00985861876010152,-0.37860150495399897,0.006923059847486003
1723738790.0022974,0,0.7427948763611896,0.02441909835158374,0.7521180594489582,0.92548137708171,0.00985861876010152,-0.37860150495399897,0.006923059847486003
1723738790.0179076,0,0.7435199817396586,0.02444868071667319,0.7522514740512443,0.92548137708171,0.00985861876010152,-0.37860150495399897,0.006923059847486003
1723738790.034729,0,0.7434611704458655,0.024447075086897786,0.7521498875796278,0.92548137708171,0.00985861876010152,-0.37860150495399897,0.006923059847486003
1723738790.051633,0,0.7429559058277734,0.024427111447276717,0.7521614401525526,0.92548137708171,0.00985861876010152,-0.37860150495399897,0.006923059847486003
1723738790.0685196,0,0.7426018452589093,0.024407311608793007,0.752748885331834,0.92548137708171,0.00985861876010152,-0.37860150495399897,0.006923059847486003
1723738790.084833,0,0.742203292585567,0.02438173259840004,0.7535031984368574,0.92548137708171,0.00985861876010152,-0.37860150495399897,0.006923059847486003
1723738790.1010091,0,0.7413570212515139,0.02434502322521359,0.7537502383103474,0.92548137708171,0.00985861876010152,-0.37860150495399897,0.006923059847486003
1723738790.1213882,0,0.7412481139495273,0.02433226035822478,0.7543886408851456,0.92548137708171,0.00985861876010152,-0.37860150495399897,0.006923059847486003
1723738790.1344197,0,0.7411370133247467,0.024324640527516688,0.7545044513872006,0.92548137708171,0.00985861876010152,-0.37860150495399897,0.006923059847486003
1723738790.1509209,0,0.741137788626617,0.024332048977333324,0.7541645849356066,0.92548137708171,0.00985861876010152,-0.37860150495399897,0.006923059847486003
1723738790.1683564,0,0.7414055360555595,0.0243482497877386,0.7536070050934561,0.92548137708171,0.00985861876010152,-0.37860150495399897,0.006923059847486003
1723738790.1847725,0,0.7419484993757608,0.02437877768808735,0.7530472639039671,0.92548137708171,0.00985861876010152,-0.37860150495399897,0.006923059847486003
1723738790.200554,0,0.7424120455915234,0.024404428890625728,0.7523769243395133,0.92548137708171,0.00985861876010152,-0.37860150495399897,0.006923059847486003
1723738790.218354,0,0.7431206965469132,0.024435341229495935,0.7522092590286843,0.92548137708171,0.00985861876010152,-0.37860150495399897,0.006923059847486003
1723738790.2344458,0,0.7435825927130768,0.024451667700327986,0.7522736612561117,0.92548137708171,0.00985861876010152,-0.37860150495399897,0.006923059847486003
1723738790.2508419,0,0.7436017212600206,0.02445301827616347,0.7524512018785066,0.92548137708171,0.00985861876010152,-0.37860150495399897,0.006923059847486003
1723738790.2676647,0,0.7430294586682458,0.024424064951931914,0.7525464264949959,0.92548137708171,0.00985861876010152,-0.37860150495399897,0.006923059847486003
1723738790.2863917,0,0.7427200990786562,0.024403646014022205,0.7532725696784397,0.92548137708171,0.00985861876010152,-0.37860150495399897,0.006923059847486003
1723738790.3022702,0,0.7418160868572651,0.024364581120025708,0.7535143695039246,0.92548137708171,0.00985861876010152,-0.37860150495399897,0.006923059847486003
1723738790.3181388,0,0.7414171950088511,0.024341788023447396,0.7540975846278668,0.92548137708171,0.00985861876010152,-0.37860150495399897,0.006923059847486003
1723738790.3347359,0,0.7413303192117937,0.02433394028693073,0.7545848124500999,0.92548137708171,0.00985861876010152,-0.37860150495399897,0.006923059847486003
1723738790.3522363,0,0.7411110356477265,0.024329639751987545,0.7543859299079225,0.92548137708171,0.00985861876010152,-0.37860150495399897,0.006923059847486003
1723738790.368743,0,0.7412180484887911,0.02434125957591486,0.753973052285155,0.92548137708171,0.00985861876010152,-0.37860150495399897,0.006923059847486003
1723738790.384267,0,0.7415728643560674,0.024359170075518848,0.7533897131868863,0.92548137708171,0.00985861876010152,-0.37860150495399897,0.006923059847486003
1723738790.4013798,0,0.7421103206825842,0.024392201408567793,0.7527956890139514,0.92548137708171,0.00985861876010152,-0.37860150495399897,0.006923059847486003
1723738790.4215472,0,0.7425937779285575,0.024414544599233937,0.7522253829532675,0.92548137708171,0.00985861876010152,-0.37860150495399897,0.006923059847486003
1723738790.4343815,0,0.7433590840726493,0.024443277978169444,0.7522787836986723,0.92548137708171,0.00985861876010152,-0.37860150495399897,0.006923059847486003
1723738790.4514215,0,0.743712282274896,0.02445359316456779,0.752440234279819,0.92548137708171,0.00985861876010152,-0.37860150495399897,0.006923059847486003
1723738790.468325,0,0.7434069897299153,0.024440801108958472,0.7524661555885278,0.92548137708171,0.00985861876010152,-0.37860150495399897,0.006923059847486003
1723738790.4850209,0,0.7428372018996692,0.02441489221279238,0.7527118488643183,0.92548137708171,0.00985861876010152,-0.37860150495399897,0.006923059847486003
1723738790.501383,0,0.7423958444638978,0.024390533988463862,0.7533455058638697,0.92548137708171,0.00985861876010152,-0.37860150495399897,0.006923059847486003
1723738790.5192738,0,0.7415287396390549,0.02435150172902089,0.7535866262813126,0.92548137708171,0.00985861876010152,-0.37860150495399897,0.006923059847486003
1723738790.5351985,0,0.7413616470310895,0.024340898704392898,0.7542716948786302,0.92548137708171,0.00985861876010152,-0.37860150495399897,0.006923059847486003
1723738790.5516496,0,0.7412961564568544,0.02433453151780099,0.7545855161085337,0.92548137708171,0.00985861876010152,-0.37860150495399897,0.006923059847486003
1723738790.5682642,0,0.7410732234403808,0.024331980584919012,0.7541906967161086,0.92548137708171,0.00985861876010152,-0.37860150495399897,0.006923059847486003
1723738790.5861344,0,0.7413845348038636,0.02434786515699432,0.7538288311053818,0.92548137708171,0.00985861876010152,-0.37860150495399897,0.006923059847486003
1723738790.602299,0,0.7418503957211905,0.02437230054757389,0.7532793350917487,0.92548137708171,0.00985861876010152,-0.37860150495399897,0.006923059847486003
1723738790.618229,0,0.7422526823903774,0.024398365906024764,0.7525579050041679,0.92548137708171,0.00985861876010152,-0.37860150495399897,0.006923059847486003
1723738790.6355143,0,0.7428367150840081,0.024422351719256215,0.7521895582357229,0.92548137708171,0.00985861876010152,-0.37860150495399897,0.006923059847486003
1723738790.6523128,0,0.743741659378443,0.024454496235894484,0.7525616478262789,0.92548137708171,0.00985861876010152,-0.37860150495399897,0.006923059847486003
1723738790.668272,0,0.7435213332330862,0.024448961168751924,0.7523299825774388,0.92548137708171,0.00985861876010152,-0.37860150495399897,0.006923059847486003
1723738790.6853235,0,0.7431740777025053,0.024433527874458967,0.752502634748743,0.92548137708171,0.00985861876010152,-0.37860150495399897,0.006923059847486003
1723738790.703119,0,0.7427017214319752,0.02440921733864351,0.7529548148052926,0.92548137708171,0.00985861876010152,-0.37860150495399897,0.006923059847486003
1723738790.7191672,0,0.7422169315648497,0.02438186457731425,0.7535665924070674,0.92548137708171,0.00985861876010152,-0.37860150495399897,0.006923059847486003
1723738790.734956,0,0.741640642804448,0.024354090958628342,0.7540210227571751,0.92548137708171,0.00985861876010152,-0.37860150495399897,0.006923059847486003
1723738790.7514586,0,0.7414026769250173,0.024339283640304677,0.7544760413986108,0.92548137708171,0.00985861876010152,-0.37860150495399897,0.006923059847486003
1723738790.76919,0,0.7413956214191287,0.024333580454052636,0.7546464034154247,0.92548137708171,0.00985861876010152,-0.37860150495399897,0.006923059847486003
1723738790.7868404,0,0.7412520470722526,0.024338663485556893,0.7541561554529067,0.92548137708171,0.00985861876010152,-0.37860150495399897,0.006923059847486003
1723738790.80179,0,0.7414915058534033,0.024353409616454033,0.7535865310649139,0.92548137708171,0.00985861876010152,-0.37860150495399897,0.006923059847486003
1723738790.8217163,0,0.7420968482574958,0.024388756262731882,0.7531250962621034,0.92548137708171,0.00985861876010152,-0.37860150495399897,0.006923059847486003
1723738790.8368988,0,0.7425404023595643,0.0244109515729473,0.7524873039720575,0.92548137708171,0.00985861876010152,-0.37860150495399897,0.006923059847486003
1723738790.8516102,0,0.7432562873335157,0.02444108649919243,0.7523941435831353,0.92548137708171,0.00985861876010152,-0.37860150495399897,0.006923059847486003
1723738790.8690617,0,0.7437796835450647,0.024460181251024025,0.7525799653657652,0.92548137708171,0.00985861876010152,-0.37860150495399897,0.006923059847486003
1723738790.8862631,0,0.7434944409564769,0.02444807764408074,0.7524669363854369,0.92548137708171,0.00985861876010152,-0.37860150495399897,0.006923059847486003
1723738790.9024189,0,0.7429810375631396,0.024423069622815225,0.7526273198248348,0.92548137708171,0.00985861876010152,-0.37860150495399897,0.006923059847486003
1723738790.9193244,0,0.7426702111756529,0.024403783549612586,0.753314600352135,0.92548137708171,0.00985861876010152,-0.37860150495399897,0.006923059847486003
1723738790.9358962,0,0.7418893619674429,0.024366244725035804,0.7536309319431389,0.92548137708171,0.00985861876010152,-0.37860150495399897,0.006923059847486003
1723738790.9564853,0,0.741336806367322,0.02434100192848993,0.7539903632247965,0.92548137708171,0.00985861876010152,-0.37860150495399897,0.006923059847486003
1723738790.9691617,0,0.7415134515022915,0.02434191468637004,0.7546837786009781,0.92548137708171,0.00985861876010152,-0.37860150495399897,0.006923059847486003
1723738790.985441,0,0.7413065355903966,0.02433832534113572,0.7544679932356465,0.92548137708171,0.00985861876010152,-0.37860150495399897,0.006923059847486003
1723738791.0029294,0,0.7413642885418404,0.024345118000597236,0.753997168679771,0.92548137708171,0.00985861876010152,-0.37860150495399897,0.006923059847486003
1723738791.0195951,0,0.7417176372141016,0.024365943468063915,0.7534402532645565,0.92548137708171,0.00985861876010152,-0.37860150495399897,0.006923059847486003
1723738791.0349972,0,0.7422192091942011,0.02439652693437619,0.752858065737494,0.92548137708171,0.00985861876010152,-0.37860150495399897,0.006923059847486003
1723738791.051925,0,0.7428160641366642,0.0244194928647021,0.7524535802005439,0.92548137708171,0.00985861876010152,-0.37860150495399897,0.006923059847486003
1723738791.0690603,0,0.7434749343582475,0.024444258154077195,0.7524651788396464,0.92548137708171,0.00985861876010152,-0.37860150495399897,0.006923059847486003
1723738791.08539,0,0.7438726707088291,0.02445663502810822,0.75271453063449,0.92548137708171,0.00985861876010152,-0.37860150495399897,0.006923059847486003
1723738791.1018744,0,0.7432573779160905,0.024436031058912025,0.7524493885529787,0.92548137708171,0.00985861876010152,-0.37860150495399897,0.006923059847486003
1723738791.1203809,0,0.7428747781378001,0.02441484692116706,0.752863420294305,0.92548137708171,0.00985861876010152,-0.37860150495399897,0.006923059847486003
1723738791.1373017,0,0.7425184305281559,0.024393927117541316,0.753549778256941,0.92548137708171,0.00985861876010152,-0.37860150495399897,0.006923059847486003
1723738791.1524017,0,0.7416856904889847,0.024357454415986038,0.7537657844506319,0.92548137708171,0.00985861876010152,-0.37860150495399897,0.006923059847486003
1723738791.1696107,0,0.7415479812494064,0.024347590023528976,0.7544189941953378,0.92548137708171,0.00985861876010152,-0.37860150495399897,0.006923059847486003
1723738791.1867316,0,0.7415774119935722,0.02434324625202786,0.754766218858059,0.92548137708171,0.00985861876010152,-0.37860150495399897,0.006923059847486003
1723738791.2023878,0,0.7414084730593651,0.024342782298653224,0.7544016567373347,0.92548137708171,0.00985861876010152,-0.37860150495399897,0.006923059847486003
1723738791.2188437,0,0.74154304801522,0.024352203673816412,0.7538666583559087,0.92548137708171,0.00985861876010152,-0.37860150495399897,0.006923059847486003
1723738791.235446,0,0.7421432187385607,0.02438113720735513,0.7534770296741433,0.92548137708171,0.00985861876010152,-0.37860150495399897,0.006923059847486003
1723738791.255448,0,0.7425326879531671,0.024403468234586178,0.7528055595464177,0.92548137708171,0.00985861876010152,-0.37860150495399897,0.006923059847486003
1723738791.2694774,0,0.7430105623920298,0.024427990013519713,0.7523918863440018,0.92548137708171,0.00985861876010152,-0.37860150495399897,0.006923059847486003
1723738791.2870948,0,0.7437388119190761,0.024453634152341204,0.7526509885769177,0.92548137708171,0.00985861876010152,-0.37860150495399897,0.006923059847486003
1723738791.3039894,0,0.7434852763157037,0.024447275452663026,0.752418202011212,0.92548137708171,0.00985861876010152,-0.37860150495399897,0.006923059847486003
1723738791.3196511,0,0.7431892357566204,0.024430106735440327,0.7526482890844047,0.92548137708171,0.00985861876010152,-0.37860150495399897,0.006923059847486003
1723738791.3364897,0,0.7428098853526379,0.024410609514359104,0.7531668852646042,0.92548137708171,0.00985861876010152,-0.37860150495399897,0.006923059847486003
1723738791.3528087,0,0.7421760558581738,0.02437803856091578,0.75358698378069,0.92548137708171,0.00985861876010152,-0.37860150495399897,0.006923059847486003
1723738791.369621,0,0.7416819540188597,0.024353949322979504,0.7540637387846653,0.92548137708171,0.00985861876010152,-0.37860150495399897,0.006923059847486003
1723738791.3865147,0,0.7416761075293934,0.024346961260150155,0.7546847475245226,0.92548137708171,0.00985861876010152,-0.37860150495399897,0.006923059847486003
1723738791.402606,0,0.7415669685035644,0.024339625566385636,0.7547101827124175,0.92548137708171,0.00985861876010152,-0.37860150495399897,0.006923059847486003
1723738791.420785,0,0.7415915957810467,0.024348437624841263,0.7543702707349289,0.92548137708171,0.00985861876010152,-0.37860150495399897,0.006923059847486003
1723738791.4365728,0,0.7416204044479456,0.024356434492090812,0.753604803262349,0.92548137708171,0.00985861876010152,-0.37860150495399897,0.006923059847486003
1723738791.4521356,0,0.7422414097313282,0.024393661489019544,0.7531950487051648,0.92548137708171,0.00985861876010152,-0.37860150495399897,0.006923059847486003
1723738791.4693716,0,0.7425825720435756,0.024411198447908903,0.7525225420709977,0.92548137708171,0.00985861876010152,-0.37860150495399897,0.006923059847486003
1723738791.4868393,0,0.7433599915980704,0.024442323831072813,0.7525479255277352,0.92548137708171,0.00985861876010152,-0.37860150495399897,0.006923059847486003
1723738791.5033307,0,0.7436156277058708,0.024451777179093248,0.7525098862158566,0.92548137708171,0.00985861876010152,-0.37860150495399897,0.006923059847486003
1723738791.5192542,0,0.7434618329427278,0.024444823552480614,0.7525623508462985,0.92548137708171,0.00985861876010152,-0.37860150495399897,0.006923059847486003
1723738791.5361588,0,0.7429935024327999,0.024419369616340288,0.7527645096153192,0.92548137708171,0.00985861876010152,-0.37860150495399897,0.006923059847486003
1723738791.5559456,0,0.7427892085995783,0.024403156316563205,0.7535234341027108,0.92548137708171,0.00985861876010152,-0.37860150495399897,0.006923059847486003
1723738791.5697377,0,0.7419370655482079,0.02436601008521244,0.7537121712276801,0.92548137708171,0.00985861876010152,-0.37860150495399897,0.006923059847486003
1723738791.5859792,0,0.741583346389254,0.024349424382844452,0.754213385990522,0.92548137708171,0.00985861876010152,-0.37860150495399897,0.006923059847486003
1723738791.6034493,0,0.7416316148625383,0.024344997896025743,0.7547125673653466,0.92548137708171,0.00985861876010152,-0.37860150495399897,0.006923059847486003
