Time (s),Cam3 Fiducial ID,Cam3 Position X,Cam3 Position Y,Cam3 Position Z,Cam3 Rotation X,Cam3 Rotation Y,Cam3 Rotation Z,Cam3 Rotation W
1727090583.5992866,1,0.023284838698897317,-0.001282463213703915,0.010912888510355755,0.011732041603106851,-0.01699356848518105,-0.0015079963910869726,0.9997856289109415
1727090583.6168668,1,0.023208718889321387,-0.0019001419118440251,0.009430958149069715,0.0005137634475725274,-0.022540256829388143,-0.0008188045651649683,0.9997454688210741
1727090583.6334028,1,0.02306335500176496,-0.002563659771635843,0.006567499986484199,-0.010908886257343962,-0.032415781175206715,5.637871369199032e-05,0.9994149339252771
1727090583.6497815,1,0.022951870161330355,-0.0029649625517886033,0.004378103690321607,-0.018024054802648327,-0.03896783097415159,0.0007407677310610228,0.9990776210389309
1727090583.6677668,1,0.022863091089236415,-0.003125115848959617,0.002606671371915243,-0.015860487206336944,-0.04415939884279526,0.0006676080686833587,0.998898366571338
1727090583.6830707,1,0.02298136208537315,-0.0025399368051804458,0.004927144422967776,-0.014283789610186028,-0.03809317158094245,0.000482046666678498,0.9991719828259237
1727090583.6994784,1,0.023057448213672106,-0.0019056488946438772,0.006385500718766599,-0.007281216998283829,-0.03353013792766232,-0.00013468346885999125,0.9994111744371978
1727090583.7181883,1,0.023134340979541517,-0.0011244127289651864,0.00785874989179656,-0.00230988727782272,-0.029371233245463108,-0.0003826214694407653,0.9995658300878515
1727090583.7332861,1,0.0231385562116789,-0.0004041713674807731,0.007917648375866254,0.006529397916281382,-0.02995461712488233,-0.001087139113758138,0.9995293422427877
1727090583.7494986,1,0.02319305783557136,0.00051950064135475,0.008935017041089694,0.011136021966585311,-0.02703869129825366,-0.0012867710334770251,0.9995715294104494
1727090583.7685888,1,0.023225501832216704,0.0014468183883111056,0.009467047533172058,0.014357946949708102,-0.024924701373925794,-0.0011090388988445924,0.9995856034645211
1727090583.7833192,1,0.02321389250206461,0.002281099411865559,0.009193132291218662,0.020021344652722525,-0.027496562728218887,-0.001418013311493567,0.9994203690313093
1727090583.7996752,1,0.023292115402832693,0.003347077708060767,0.010767984210110139,0.014663835930672995,-0.02333881346598328,-0.0010943543016059742,0.999619464641651
1727090583.8179057,1,0.023222195697771203,0.003922763465783203,0.009324501198802626,0.014731882323651075,-0.029003172502317234,-0.0009316981276942968,0.9994703195025862
1727090583.8332653,1,0.023112726553133504,0.004267779198574713,0.007044267936452672,0.010730175503003467,-0.03616915707668676,-0.00016566437806024166,0.9992880605537877
1727090583.8496442,1,0.023097111472048595,0.004771577745434952,0.006706386902251326,0.007894965944424119,-0.037812345656960594,0.00018205796687424206,0.9992536529247975
1727090583.8683293,1,0.023094486685677432,0.005161931194682651,0.006643152362245953,0.005631636100896816,-0.03912391874320209,0.0004916391580516786,0.9992183755055452
1727090583.883488,1,0.023076747399844146,0.005328469301615161,0.006270498875465648,0.0035153540240100084,-0.039933977811815506,0.0008343566871548907,0.9991957883974141
1727090583.8997312,1,0.02307751995544534,0.005390434787265998,0.006300144796792361,0.008031350094798353,-0.039871560711019896,0.00028957944914533273,0.9991724937196104
1727090583.9171524,1,0.023193633861059465,0.00560222165417557,0.008568258542055292,0.012305946677756474,-0.03263706004653441,0.00019369356927304956,0.9993914890925799
1727090583.9332523,1,0.023247092528824856,0.005473491887866583,0.009619143403494852,0.02381017773021825,-0.0289964166582225,-0.0006409095431519099,0.9992956882186552
1727090583.9498663,1,0.023304652991722442,0.005213109127807548,0.010860788906043504,0.033715412455334055,-0.02431145827727659,-0.001814532586821567,0.9991340908160877
1727090583.9674518,1,0.023357237416569785,0.004793300541708535,0.011960453243214174,0.03925710815418644,-0.019338310739858613,-0.0023555190390682846,0.9990392188133336
1727090583.9831219,1,0.023379756203177008,0.004174595119760003,0.012425267499405186,0.0475165099653092,-0.016698636701623817,-0.0028806697897044574,0.9987267086418519
1727090583.9998293,1,0.02341707385754837,0.003515363321869654,0.013229768570570474,0.050281320589759315,-0.011566273253227647,-0.003080210827575183,0.9986633679193601
1727090584.0174694,1,0.02338157811813753,0.0026053296379364497,0.012607471741567228,0.05051886231411554,-0.014423276966991081,-0.003550148315183324,0.9986126426592851
1727090584.0333784,1,0.023421286654654646,0.001891046195948473,0.01344052109533774,0.046331888822436204,-0.008732146468219713,-0.0031110712800960305,0.9988830897215615
1727090584.0498302,1,0.02340065536965841,0.0010062937341202708,0.013067316688309785,0.04311437866119795,-0.008958147651397188,-0.0030413528989254334,0.9990253510876783
1727090584.0673828,1,0.023376756171209642,0.00017391333364405047,0.012658635019579081,0.0332130314203081,-0.010269424180215673,-0.002568866452576065,0.9993922325073521
1727090584.0835328,1,0.02333305997294455,-0.0006052287007061569,0.011843729200655375,0.027686720754937007,-0.012967543082414408,-0.002483084970885321,0.9995294505962649
1727090584.1000786,1,0.02329375059078182,-0.0012805085601927284,0.01109078689994698,0.010445239238616044,-0.015969248556005625,-0.0014203560475010652,0.9998169145731146
1727090584.1177878,1,0.023219040922778288,-0.0018838305080577829,0.009635565767446733,0.0003829968365223838,-0.021681150695791608,-0.0008178945896300917,0.9997645283097264
1727090584.1339293,1,0.02307000861528121,-0.0025529184779146882,0.006703631422177969,-0.012146523203982365,-0.03209603514456758,0.00018141251148350094,0.9994109633136684
1727090584.14998,1,0.022956635953247574,-0.0029555510030491597,0.0044733368926331675,-0.018099063957660293,-0.03872182825071414,0.000742065440016996,0.9990858287653076
1727090584.16769,1,0.022855831009829842,-0.003142815338423741,0.002463361158375487,-0.015422389599569286,-0.044620555530731104,0.0006171576688207697,0.9988847656459577
1727090584.1835783,1,0.02300521985882116,-0.0024575068009861727,0.005402183269007418,-0.014082765794961689,-0.036460159499593914,0.0004333046687924088,0.9992357803461066
1727090584.20008,1,0.0230743156410666,-0.0018415192564720498,0.006717257291671384,-0.00878620048333686,-0.032277518321711,-2.4994700668842673e-05,0.9994403253157855
1727090584.2172954,1,0.023174820809442033,-0.0009829763468555968,0.00865006899192433,-0.0035434634558358107,-0.02659395597681505,-0.00020766067035813426,0.9996400163305221
1727090584.233818,1,0.02312162735517885,-0.00043679482462388605,0.007575634953248215,0.006313256131998266,-0.031195114304832842,-0.0010637410893341657,0.9994928094265686
1727090584.2500565,1,0.02321697759772712,0.0006055284388524814,0.00941494726074571,0.009453755510589792,-0.025552407974655415,-0.0011653326049440253,0.9996281023227401
1727090584.2675111,1,0.023208843216884687,0.001433547838430535,0.009144800682406107,0.011695934126721588,-0.02639014069181789,-0.0009205154675108553,0.9995828721273907
1727090584.2835774,1,0.02321098911237876,0.0022960730598251327,0.009149405920433359,0.017246717020234496,-0.027423715622975367,-0.0012519250341592849,0.9994743234606696
1727090584.300153,1,0.02322465636307274,0.0031823045893384083,0.009416127384237692,0.012317134267520478,-0.028014988811231375,-0.0008871753275829733,0.9995312208857112
1727090584.317285,1,0.023201383174011256,0.0038751032650493817,0.008878012294672161,0.013896869074829468,-0.03000243978172198,-0.0006996120152213517,0.9994529709696646
1727090584.3337328,1,0.023082374596574574,0.004194662008368384,0.006406334657005599,0.009462238004777272,-0.0380243771358747,0.00010730160113609554,0.9992320057332712
1727090584.3503456,1,0.0230655597227694,0.004687185221351182,0.006059426716605616,0.007921484856931343,-0.03976955131841515,0.00031798996169222224,0.9991774275612804
1727090584.3676388,1,0.02307100469746084,0.005101990758119616,0.006192941348518774,0.0053158179496322535,-0.04028238541653668,0.0005287679002992043,0.9991740548619081
1727090584.3842893,1,0.02307287494271423,0.005325950660952272,0.006201951462833973,0.003379947492887198,-0.040308230964690446,0.0007942165388971795,0.9991812606787277
1727090584.4006054,1,0.023073350938516517,0.005371730800150101,0.006196341418361775,0.008722673697461969,-0.039838159110909085,0.00033158460391334647,0.9991680169490373
1727090584.417832,1,0.023167206685509197,0.005513894072996054,0.0080763072266089,0.014196466861306763,-0.03446777485149617,-0.00014143559000109223,0.9993049648737948
1727090584.434031,1,0.023269422018233878,0.005530011711788157,0.010101664946551727,0.023229383127723626,-0.027638749878035957,-0.000782187410364371,0.999347728995038
1727090584.4506001,1,0.02330762936241206,0.005206097082524377,0.010889623992419377,0.035265305220341464,-0.023980260877018746,-0.0018176681854068615,0.999088585370864
1727090584.4674153,1,0.023390158306782264,0.004855683248733647,0.012612317655815702,0.04298078817339034,-0.016184102111454608,-0.0024600576358387296,0.9989417774841878
1727090584.4839163,1,0.023415073616786682,0.0042522795500541865,0.013157784430586846,0.04873321825508074,-0.013374441505228533,-0.0029798571351052805,0.9987178371313792
1727090584.5002546,1,0.023417193834071398,0.00348248354756574,0.013223030505558795,0.053906226424684116,-0.011476175571385068,-0.0032432810051628218,0.9984747854979749
1727090584.5175862,1,0.023431803548525473,0.00272346014232992,0.013617403866891725,0.05218122446488914,-0.008953611662564894,-0.0034162413116902942,0.9985916492474995
1727090584.5342767,1,0.023434936761884195,0.0018831541708993575,0.01372831943172461,0.05047262872663679,-0.006919642160775562,-0.0032810748667495625,0.9986960833254073
1727090584.5503237,1,0.023410169404604157,0.0009995170519114908,0.013235074492325125,0.04402648047136913,-0.00733023175450213,-0.0028469254650541967,0.9989994152826747
1727090584.567847,1,0.023385014289679196,0.00017062131413801712,0.012818020213684764,0.036285419189674775,-0.009227556414064576,-0.002740801599163305,0.9992951058438387
1727090584.5838528,1,0.023328220068555772,-0.000637129738701128,0.011749012027773051,0.02959508508801595,-0.013500049437483393,-0.0026205819741845437,0.999467364226534
1727090584.6004806,1,0.02330241555832231,-0.001276380947758333,0.011260174309439082,0.012095967715491348,-0.01517391884141342,-0.001547399549168868,0.999810504699093
1727090584.6177487,1,0.023203798825727814,-0.0019419543743244947,0.009315735334590318,0.0011000962468846248,-0.02259966412556226,-0.0008415368653468891,0.9997436355313114
1727090584.6342523,1,0.023071450579674538,-0.002555982114225438,0.006744976887038869,-0.012972060682528505,-0.03184368592209738,0.00023530058940759792,0.9994086501237501
1727090584.6509314,1,0.02295303803661537,-0.002965352691081339,0.004408651440977894,-0.018339794089388448,-0.038894742632342216,0.0007560395919281378,0.9990747115969146
1727090584.6683257,1,0.0228768843185559,-0.0030767577606208925,0.0028756584344552154,-0.01633551779117237,-0.04360399462310026,0.0007082775787695019,0.9989150819034992
1727090584.6844034,1,0.02296101929339656,-0.002566523327707285,0.004519999413602451,-0.012080887448770665,-0.03892879016394086,0.00028318112473086314,0.9991689152807309
1727090584.7002206,1,0.023045378576370894,-0.0019059215869970374,0.006153614954018107,-0.010498235039320422,-0.03391423730464824,8.178816325105331e-05,0.9993696037401777
1727090584.7179265,1,0.02318175148907719,-0.0009360235419038194,0.008793798820781388,-0.007552165863165118,-0.026112348707313944,-3.9695783896996724e-06,0.999630486739978
1727090584.7341483,1,0.023112341188150747,-0.0004457203325089975,0.00738067592555888,0.0042237194578370885,-0.03167564259154476,-0.0008562248157113813,0.9994889097630943
1727090584.750964,1,0.023229687779734748,0.0006711056693286967,0.009669807909662135,0.0029521041469705274,-0.024430533655795596,-0.0006369547545022988,0.999696968283409
1727090584.76834,1,0.02324094423963896,0.0015519873620669917,0.009801570056124812,0.006863978244349956,-0.02458403903663325,-0.0006091463151594332,0.9996740167514975
1727090584.7844017,1,0.023202022298828485,0.002303755857226531,0.00895483640944789,0.011475753860197486,-0.027793601187886492,-0.0007566035927724903,0.9995475228108728
1727090584.8007605,1,0.02317397546529986,0.0030604376564600205,0.00839090065357182,0.012502583349611305,-0.031229033990538797,-0.0008419429527855251,0.9994337016419188
1727090584.818189,1,0.023195515304926258,0.0038851458422882136,0.00876973305207179,0.01084264432953495,-0.030630637117033604,-0.0005250970822448773,0.9994718232180445
1727090584.8344553,1,0.023081045912571242,0.004208546856873541,0.006401088017636797,0.007392625209201454,-0.0381953385632833,0.0002023885259691316,0.99924292554085
1727090584.8507512,1,0.02307047692572676,0.004711174548511262,0.006169861580769327,0.006979148106137373,-0.03945098573929539,0.0003267764704225976,0.9991970798761619
1727090584.868285,1,0.02305679472235944,0.005065805668425811,0.005881406049792892,0.005804511100361063,-0.041011322055608965,0.0005794246250458669,0.9991416533111013
1727090584.8845575,1,0.023061119397060688,0.0052895205428065,0.0059568332615637,0.003587513078902296,-0.04071091716226527,0.00083231233645989,0.9991641798172564
1727090584.9010236,1,0.02307794352896493,0.005384234160895563,0.006292174989200959,0.008633490050193027,-0.039728107835954006,0.000303757855957972,0.9991731822004097
1727090584.9181132,1,0.02318693545259499,0.00556278580352985,0.00846184468634253,0.014501225417087371,-0.03324890678902409,-0.00013875067870565717,0.9993418861465713
1727090584.9348109,1,0.023271055234246493,0.005508066892189984,0.010072307794823616,0.025307403330854558,-0.026927974354815372,-0.0006508709419487983,0.9993167645450629
1727090584.9507859,1,0.023311866619989664,0.005199629931160152,0.010950062782415462,0.03627732286874887,-0.02355356933735735,-0.0017711069548705838,0.9990625848249454
1727090584.9691293,1,0.023390247136278818,0.004836984786646876,0.012617107885082432,0.046134386406701276,-0.01646618878834951,-0.002718258270470798,0.9987958220225186
1727090584.9843907,1,0.02341260468191596,0.004212938639137194,0.013073369585379385,0.05160514305401438,-0.013634008394700168,-0.003002024343608827,0.9985699829632916
1727090585.0009887,1,0.023418707561144832,0.00345934291250175,0.013228750309631231,0.054696787160254515,-0.01112874500093823,-0.0031188021610901516,0.9984361199306292
1727090585.0182714,1,0.02344670781634553,0.0027360783558821014,0.013915948046499507,0.055165411147739624,-0.00725655519548101,-0.0035157068483224418,0.9984446702872185
1727090585.0344658,1,0.023425540777937057,0.0018286330539847915,0.01353075851418776,0.05307133590174112,-0.008191466852669593,-0.0034905583945928007,0.9985510248247207
1727090585.0507686,1,0.023393965361081157,0.0009304918020519411,0.012887613351998416,0.04593882642455459,-0.008714924814181294,-0.0029275768783882687,0.9989019489448596
1727090585.0680559,1,0.023363112109590016,8.213267920865272e-05,0.012373563490872416,0.038397636490701825,-0.011313401892431072,-0.0029293447022689513,0.9991941990369858
1727090585.0847266,1,0.02332434491827533,-0.0006669450178529537,0.011673235110353038,0.031555578535338434,-0.01385679976011896,-0.0027747566168334647,0.9994020888958685
1727090585.1007679,1,0.023269958896511785,-0.0013834567816289546,0.010615307037120514,0.014632792913955318,-0.01797787003466679,-0.0017699524832517938,0.9997297358930367
1727090585.1187327,1,0.023210674692034885,-0.0019280680405222778,0.009453246385055375,0.0017839782306430017,-0.02222307828292358,-0.0009181917690209539,0.9997510235739591
1727090585.1347427,1,0.02307697432315484,-0.002543688535225694,0.0068405960780463775,-0.013372534807781791,-0.031516675185825606,0.00026010609889046187,0.9994137315660933
1727090585.1512105,1,0.022951087828290827,-0.002968705187737549,0.0043650553233885265,-0.01912154076148923,-0.03901079743258035,0.0008339250979765511,0.9990554683957803
1727090585.1693134,1,0.02286397179235156,-0.003108103375194373,0.002623701955929914,-0.016139499009435482,-0.04422600346882481,0.0006967589905577628,0.9988909308407045
1727090585.1847632,1,0.02295859340785388,-0.0025605144455095575,0.00445918109481108,-0.012756783309940322,-0.039111007780956414,0.0003334490140814093,0.9991533828005069
1727090585.2009175,1,0.022978607010694235,-0.0020697782820214223,0.004801234661779364,-0.012189294814123099,-0.038028581031466516,0.0003920341661159755,0.9992022289936507
1727090585.2193897,1,0.023113868923083165,-0.0010983234984538088,0.007453323299657285,-0.005914482175635888,-0.030752555709058264,-9.156739492359891e-05,0.9995095251338866
1727090585.2348993,1,0.023129500973428665,-0.0003718654291463709,0.007738585742520491,-0.0025761901790450734,-0.030347706525047393,-0.0003801393772094687,0.9995360100801196
1727090585.251357,1,0.023186053939016158,0.0005801425233279984,0.008777710981723912,0.0003164765588108577,-0.0275000049853416,-0.0003296143380469151,0.999621698905532
1727090585.2694001,1,0.023201009678948295,0.001468668349234548,0.008986951654858823,0.006209409376578556,-0.027496102497553306,-0.0004663342392293589,0.9996025160607668
1727090585.285293,1,0.02316500101615837,0.002223224790094028,0.008228297763453305,0.00817877682739024,-0.03019515033125852,-0.0004876335411401815,0.9995104415260553
1727090585.3010316,1,0.023157551239101144,0.003037325229699622,0.008068675949151343,0.009940931001616443,-0.03233170637263667,-0.0006451039623042104,0.9994275473963745
1727090585.3203387,1,0.023170320304983984,0.003835557252257084,0.008267320613564227,0.008546115383427678,-0.032075328120398844,-0.000355922926538762,0.9994488533970571
1727090585.3350074,1,0.023060809526194458,0.004160747570869132,0.0059724617981952825,0.007981430684530031,-0.039328619837130735,0.0002645704684220934,0.9991944187336125
1727090585.3512502,1,0.02305894675646239,0.004685643622633441,0.005920866097416932,0.006650065338918052,-0.04007316858262752,0.00045522616544346246,0.9991745145668371
1727090585.3707383,1,0.023055030491213335,0.0050782317322441446,0.005871688244867013,0.006023626243931637,-0.04102632649884471,0.00047238293598888414,0.9991397966827492
1727090585.3848104,1,0.02307079406752776,0.005329154603760659,0.006171409193118193,0.0029219233714302874,-0.040422888655160034,0.0007900866531437242,0.9991780763205649
1727090585.401224,1,0.023064909003419145,0.0053441474851566835,0.006006478521515979,0.009200597783686969,-0.04027471230104522,0.0004087981724309616,0.9991462002297488
1727090585.4217374,1,0.023184898299844086,0.005547766458039395,0.008386148409159732,0.015510921510671176,-0.033233360793035835,-5.781248254790281e-05,0.9993272495544222
1727090585.4352293,1,0.023296949065366373,0.005581926451577148,0.010637194122893958,0.025405210118532043,-0.02538729483105469,-0.000891014317964237,0.9993544249431628
1727090585.4513555,1,0.02333406220396097,0.005252224416586838,0.011415071700373407,0.03706440965560059,-0.021656242031501592,-0.0019031723466251572,0.9990763807902647
1727090585.4679072,1,0.02337849904952537,0.004791565063960086,0.012359056558393573,0.0470006567366945,-0.017181894081154253,-0.0027017650402335457,0.9987434211286554
1727090585.4852965,1,0.023414713858749322,0.004209994519845881,0.013115482457475134,0.05231798424900913,-0.012817165777062042,-0.0029667692486535138,0.9985438132930317
1727090585.5013883,1,0.023444035298598988,0.0035303438039347057,0.013791360461626823,0.055512837987327895,-0.009233360933693676,-0.0033801370861817866,0.998409557515221
1727090585.518181,1,0.023446946566274527,0.0027161140316051234,0.01391417795535474,0.057298703201090456,-0.007163508414045154,-0.003643429623616787,0.9983247308262241
1727090585.5353673,1,0.023407427027268352,0.0017619012402241131,0.013147647117362424,0.05387979558162494,-0.009753735624602486,-0.0035479219989245922,0.9984934874694662
1727090585.5515432,1,0.02342027624465478,0.000993729282830973,0.013457340390304868,0.04666037915593282,-0.006424387163352618,-0.0030900365613251678,0.9988853727733977
1727090585.5682626,1,0.023381105428641052,0.00012485453471892578,0.012743688868669376,0.039275323932596605,-0.009442027773268885,-0.002976984924383229,0.9991793805930336
1727090585.5854304,1,0.023333730199524522,-0.0006495196829040386,0.011846625413504805,0.03249600955610077,-0.012989952191798394,-0.0027717610281678923,0.9993836039508489
1727090585.601805,1,0.0232888580486168,-0.0013404224582024768,0.010994046469764266,0.0163371340470311,-0.01642457223201143,-0.001855475669460619,0.9997299078692028
1727090585.6184046,1,0.023194590191130734,-0.0019829185535271995,0.009140392753383164,0.0030319551438917395,-0.023630823403309933,-0.0010223824112124546,0.9997156326513517
1727090585.6356237,1,0.02307070531876087,-0.0025685811968426554,0.006702936021938459,-0.013660847493825911,-0.03194565054323459,0.00029972814489727465,0.999396201123538
1727090585.6519208,1,0.022940999113273037,-0.0029941306408538923,0.0041482648766159825,-0.018682890304446483,-0.0396199148221655,0.0008348283572334503,0.999039796515119
1727090585.6684477,1,0.022878604907515705,-0.0030598091047102406,0.0029127601082999414,-0.01746434466271466,-0.04351553773324377,0.0008151888190410056,0.998899759789979
1727090585.6865768,1,0.022947286894154567,-0.002582761035134408,0.004238112911388981,-0.013262402266490229,-0.03975258560377735,0.0003804036011344436,0.9991214620440481
1727090585.7017608,1,0.02292806528412085,-0.0021968829635624523,0.003801334700995536,-0.011984040153309387,-0.04118422906417351,0.000411057997684327,0.9990796129885325
1727090585.718275,1,0.023041133231474786,-0.0012824017194191244,0.005998081277457561,-0.003266067037541581,-0.03547983655521332,-0.0002497624496969448,0.999365024214296
1727090585.7369006,1,0.023099304496837458,-0.00043263797006928877,0.0071184058669309,-0.005894100664887,-0.03222249332543027,-1.798111359034806e-05,0.9994633410875681
1727090585.7516994,1,0.023133434752487025,0.0004627243099890503,0.0077201071066798944,0.0008059828970838024,-0.030816766878531684,-0.00029579910335793817,0.9995246819231701
1727090585.76845,1,0.02321124489428471,0.0015166977091401503,0.009193981932241736,0.003910808057374298,-0.026652164137476255,-0.0002685623905930324,0.9996370819459279
1727090585.7881312,1,0.02312702895992025,0.0021327638208173765,0.007466525921053202,0.00826745072922827,-0.03317939337843878,-0.0005266537371956013,0.9994150788082596
1727090585.8018124,1,0.023120442342038396,0.0029444545223157414,0.007300813856409736,0.009953163054615936,-0.034289385400477275,-0.0005789761591235581,0.9993622153056783
1727090585.8184416,1,0.023128518819750418,0.0037318089047673354,0.007426587987409692,0.009193431936376076,-0.03498677566206918,-0.0003607825050607833,0.9993454238520268
1727090585.838006,1,0.023068038366159057,0.004194722903115185,0.006142289979999734,0.007908486006398867,-0.039069049050378,0.00012323964358086265,0.9992052091874701
1727090585.8518145,1,0.023049206013146355,0.004657909257538101,0.005679379780590021,0.007651157411052031,-0.04039339528060412,0.0006047396092211397,0.9991543763092774
1727090585.8685,1,0.023043410702554827,0.005044323406517674,0.0055923652283388775,0.007161577283223275,-0.041481256574689596,0.0005702933219311417,0.9991134529818564
1727090585.8877091,1,0.023066319813568287,0.0053216429881677175,0.00607375970180837,0.0034355420955772173,-0.040401819188293525,0.0007922265946969839,0.9991772927933303
1727090585.9020221,1,0.023062739978174356,0.00533603257384504,0.005948871733940907,0.009404327908974452,-0.04021040010163652,0.00041914377921264663,0.9991468894305477
1727090585.9188406,1,0.023184381962408525,0.005535503778833111,0.008349362316576061,0.016186708889904252,-0.03313629910379815,-3.1379000016625175e-05,0.999319756210381
1727090585.9379618,1,0.023280356370978892,0.005515855119512882,0.010304554403099912,0.026621061511722596,-0.026132732338024572,-0.0010115940646058296,0.9993034454368636
1727090585.9521646,1,0.02332088286572068,0.00519827887038815,0.011129268737822174,0.03776337267665701,-0.02249288739035139,-0.001862033479873553,0.999031796557171
1727090585.9686213,1,0.023374377200297544,0.004762831476485062,0.012228692732218676,0.0472847840707872,-0.017544918038871586,-0.002503288430226224,0.9987242154836455
1727090585.9854252,1,0.023424768712217083,0.004220855115372796,0.013316613420174574,0.05212713414162017,-0.011630586371119432,-0.0028423452016723425,0.9985686818745118
1727090586.0022328,1,0.023438942740575393,0.0034977902183853204,0.013666533467967899,0.05454012138860504,-0.00908696748764054,-0.0031649860058033364,0.9984652147392906
1727090586.0188415,1,0.02343513243138205,0.0026699991711043383,0.013666438604845338,0.05849122276395108,-0.008395520134733847,-0.0037126680616692345,0.9982457153412225
1727090586.0390558,1,0.023389237792845234,0.0016980624610654102,0.012780699674211278,0.05467242819223761,-0.01142678160994352,-0.003655081951972248,0.998432268425619
1727090586.0519726,1,0.023419964450663352,0.0009723320656705067,0.013447997578935871,0.04718715448528295,-0.006117657599384475,-0.003091415484734175,0.9988625480352036
1727090586.0687993,1,0.023372879958412644,8.976013956021895e-05,0.012576372615577263,0.04031349636345979,-0.010119229957355739,-0.0030898438379221957,0.9991310605026154
1727090586.0855727,1,0.023337359491648897,-0.0006521751541938952,0.011928121157026923,0.032855080793300316,-0.012655164814526082,-0.002787801639417652,0.9993761146993669
1727090586.1021914,1,0.023268468884526206,-0.0014052808994433736,0.010583561307824922,0.017023521791825206,-0.01796715002055724,-0.0019434638038324304,0.9996917545795729
1727090586.1188908,1,0.02319486839964293,-0.0019911056803640316,0.00914611405492157,0.00422364583374199,-0.023409075247883666,-0.0011207917447585225,0.999716419709997
1727090586.1361365,1,0.02307200495947339,-0.002570381181310104,0.0067538870222306245,-0.013416696082577732,-0.03172092419346781,0.00024305344300652626,0.9994066820666969
1727090586.152398,1,0.022948359737723717,-0.002975937536132899,0.004307269541335987,-0.019362115114198372,-0.03918047184330243,0.0008506302996479148,0.9990441809812688
1727090586.1688058,1,0.02287183478556547,-0.0030726206540759925,0.002766421266936745,-0.01760672542390797,-0.043936244319654386,0.0008363654120002006,0.9988788265589718
1727090586.1859176,1,0.022940745692121848,-0.002589924116256873,0.004102281813155081,-0.014048512048861046,-0.04021923693705193,0.0005002647407734831,0.9990919887701049
1727090586.2022288,1,0.022921100224318296,-0.002208136599724236,0.0036833147079623047,-0.012263976747982897,-0.04175770246420116,0.00041149811266052115,0.9990524109517676
1727090586.218721,1,0.02303436010650728,-0.0012965167855726305,0.005852096006844471,-0.0031458942351202663,-0.03563310047315508,-0.0002105556109775946,0.9993599657613198
1727090586.2358665,1,0.023072451099965686,-0.0004859813324049656,0.006586968855182058,-0.007394727372549281,-0.03399291343842563,0.0001529650354900391,0.9993947050313761
1727090586.2524285,1,0.02315425946980464,0.0005408742533278116,0.008165321201081618,-7.014917069741117e-05,-0.03014681082439003,-0.0003537714824018317,0.9995454165379133
1727090586.2688746,1,0.023191911796655675,0.001491635907195526,0.008820872987884847,0.0044713850342593545,-0.028085237935936556,-0.0004132484861163972,0.9995954458437903
1727090586.2859712,1,0.023117434327887237,0.002123201611573745,0.0072738392573750855,0.009015905438374475,-0.03385173245763144,-0.0005059230095301475,0.9993860703955462
1727090586.302397,1,0.023129161802088523,0.002986294098877635,0.007487903586109066,0.008854641928675038,-0.033838867995540076,-0.0004961796187656903,0.9993879527665326
1727090586.31907,1,0.023102098765663447,0.003672115653303105,0.0068901676334960395,0.008534990229867208,-0.036418283377757134,-0.0002469767491719227,0.9993001558991567
1727090586.336238,1,0.02307558554634282,0.004224395161455561,0.006270315210694859,0.008872401219889619,-0.03841834175254567,0.00016611990372900236,0.9992223395810141
1727090586.352725,1,0.023064180151597113,0.004716063141717924,0.0060366080840725915,0.007025817654857036,-0.039857514234374086,0.0003871716554660167,0.9991805975615453
1727090586.3691723,1,0.023063638223726778,0.0051132123932491145,0.006020944609606185,0.007050287741835565,-0.040651047032914195,0.00041269983121596193,0.9991484451755578
1727090586.3862588,1,0.023058381348584494,0.005297265836779886,0.005905824371870027,0.004220552013390557,-0.04119838847129816,0.0007489027346614083,0.9991417911751886
1727090586.403004,1,0.023070762366780403,0.005358208276420603,0.006127976491605922,0.009471368870872495,-0.0399677588806753,0.0003511696149211026,0.9991560178979405
1727090586.4192042,1,0.023183395712626922,0.005528790353589453,0.008367948434186754,0.01610949826046514,-0.033068211134090086,-0.0002126757641689851,0.9993232371196051
1727090586.4361346,1,0.02327078969213781,0.005471687134125834,0.010092741087985985,0.027686881439220986,-0.02684596564545307,-0.0010125724601821858,0.9992555756270498
1727090586.4528086,1,0.023350982878271347,0.005263121721592098,0.011733643957993272,0.03706337503315095,-0.0210392652127293,-0.0017273856062608585,0.9990899217234792
1727090586.4692178,1,0.02337668125415019,0.004758317380300251,0.012319557638643066,0.04582937653791448,-0.017573057801137326,-0.0026390874985541047,0.998791214970796
1727090586.4859116,1,0.023435371274140505,0.004227309765710118,0.013529799580743563,0.04932710598497393,-0.010692453154635944,-0.0025951479667226385,0.9987220700814186
1727090586.5029016,1,0.023451554352522438,0.0035179165928441764,0.013958542868579142,0.05362746722257232,-0.00864731660299592,-0.00331922353594527,0.9985180526309866
1727090586.5191646,1,0.023447971778564215,0.002682858735567456,0.01393490515579958,0.056862890093434336,-0.007319397653224156,-0.003555906636190627,0.9983488336629691
1727090586.5362558,1,0.023399161435198643,0.001701651458909947,0.012990141223929346,0.05355872118595059,-0.010651716504077346,-0.003639741485440837,0.9985012551831678
1727090586.5527463,1,0.023401545960999796,0.0008990918153445886,0.013095278036298163,0.048358363212341424,-0.008736796209920648,-0.0033934917655310554,0.9987860738481724
1727090586.5693784,1,0.023373130518037313,7.586236286798768e-05,0.012590786807458254,0.040499242336360146,-0.010075434746543125,-0.0031069475315501343,0.9991239381887941
1727090586.5860171,1,0.023355718520760346,-0.0006239683347645894,0.012287179107427923,0.03206121920378778,-0.01094216645460841,-0.0026397692811720827,0.9994225226772652
1727090586.6025004,1,0.023267365476969504,-0.0014204597592089546,0.010564478472095809,0.017307630223901103,-0.017890454543580993,-0.0019820331308612145,0.9996881759413407
1727090586.6191812,1,0.023182174735711287,-0.002038222585087246,0.008904178521845177,0.0045811429404140494,-0.024335591958917456,-0.0011734463524916419,0.9996926603296767
1727090586.636287,1,0.023055303846404807,-0.0026275121611594033,0.00641094717348203,-0.013186796447910189,-0.032728782151455096,0.00023262878912922819,0.9993772466402117
1727090586.653051,1,0.022943803595385413,-0.002989950225342203,0.004217751059399478,-0.018754010061431015,-0.039381941836671756,0.0008171837070047242,0.9990478877283999
1727090586.6693213,1,0.022878116255046762,-0.0030505436671614,0.002902167229009963,-0.01760140567353806,-0.04368710908507286,0.0008490253786240697,0.9988898368559023
1727090586.6864064,1,0.02295177400240117,-0.002556817676030465,0.004321823859978209,-0.014095999435358896,-0.03951549261442418,0.00046460998551304346,0.9991194186787279
1727090586.7027617,1,0.022908843191222116,-0.0022359959098858396,0.003414438419462166,-0.011646717803882028,-0.04246338115453278,0.00044467940385187064,0.999030038329954
1727090586.7195625,1,0.02302691752375779,-0.0013028076179235476,0.005722037735208156,-0.0029657112118741985,-0.03623498494125238,-0.0003019543908049724,0.999338851064473
1727090586.7363536,1,0.023095296345035314,-0.0004104912814068761,0.007042341184083621,-0.008302447418797243,-0.03318613491630472,0.00020157876619449514,0.9994146832932643
1727090586.7531464,1,0.023172829675516354,0.0006082667730125494,0.008510306480413182,0.0026595171372529426,-0.028726286514574408,-0.0005028143409543217,0.9995836506313105
1727090586.769274,1,0.023201546942823007,0.0015396406614676058,0.009050239735304888,0.005381271027116401,-0.027709345879595376,-0.0007462903381083476,0.9996012590647276
1727090586.7863517,1,0.023142421289456587,0.0022101604356263207,0.007795865377560608,0.010152480889323969,-0.032428476001857026,-0.0008037504901003622,0.9994221705871541
1727090586.802967,1,0.02313556011841804,0.0030144682846525374,0.00759895464713389,0.009646553385188248,-0.033426951989171984,-0.0005254533873170319,0.9993944700603651
1727090586.819666,1,0.023102488263169484,0.003684062156964783,0.006910458845098689,0.010540789462090114,-0.03644878350664744,-0.0004588442457406755,0.9992798243737134
1727090586.8366477,1,0.02308257638511223,0.004259386183768213,0.006435330908163414,0.00975576178841329,-0.0383446680576348,-5.639778727299279e-05,0.9992169475958497
1727090586.8530343,1,0.023065976855626575,0.004725457521976646,0.006015918433137641,0.008647080684717078,-0.03996381684376501,0.0004995692023630695,0.9991635860906471
1727090586.8698113,1,0.02305382418205848,0.005086548547296019,0.00582034846080317,0.007633025119698198,-0.040884096387590094,0.0004054402413646008,0.9991346571950666
1727090586.8866544,1,0.023064587842250642,0.00531170928828199,0.006030987710473199,0.003918341810996309,-0.04064547443232616,0.0007747324954305568,0.9991656478258166
1727090586.9034624,1,0.02308237092365105,0.005384476758920662,0.006360828022365098,0.009451303913699713,-0.039336332462277204,0.00031997280382436635,0.9991812765560376
1727090586.919704,1,0.023162083412114103,0.0054530020107228395,0.007933066824984123,0.017557421486044493,-0.03471748444423981,-0.0002878773691486921,0.9992428885667617
1727090586.9370565,1,0.023257095912706596,0.005421741489756698,0.00987941557333904,0.027416194893153875,-0.028075493671434856,-0.001307202526535981,0.9992289077755109
1727090586.9531558,1,0.023341858757770968,0.005214734729220566,0.01155937244550457,0.0367754299666332,-0.02130541049333901,-0.0017958622048885912,0.9990948013644254
1727090586.9699094,1,0.02336003435789135,0.004690926311935091,0.011982646556723462,0.04464530991234705,-0.018701547739326953,-0.002532541052336856,0.9988246265740559
1727090586.9869373,1,0.023409980496624388,0.004129414707277612,0.013029671234576889,0.04734299246406853,-0.013064415528434792,-0.002686054610799852,0.9987896411267366
1727090587.0030286,1,0.023450105214084766,0.0034748630481615536,0.013903520012825998,0.051617252741615535,-0.00808189079576231,-0.0030151837327625415,0.9986296865843872
1727090587.0196826,1,0.023436046517116595,0.0026197083432052126,0.013675759685084051,0.054985250758161595,-0.008223354131543872,-0.003352895059728911,0.9984476735115405
1727090587.0367227,1,0.023412134719355278,0.0017186550714460526,0.01325804582954933,0.05195798850441352,-0.009288180152108593,-0.003469683843558546,0.9986000492860306
1727090587.0534031,1,0.023400039791165488,0.0008749840791705015,0.01306611215096724,0.04886744804097938,-0.008593357887409035,-0.0034460053674684734,0.9987623600082195
1727090587.0698173,1,0.023369485042916503,4.846764467327422e-05,0.012499020339383675,0.04035748148676914,-0.010246169556110697,-0.0030183199445742164,0.9991282097119392
1727090587.086809,1,0.023354885091232652,-0.000650002826483989,0.012282125737775443,0.030186293215072105,-0.010963118216422535,-0.002555036186344165,0.9994809000331086
1727090587.1030476,1,0.023261840420521422,-0.001447425835435578,0.01046022857090626,0.016953523557314925,-0.01844427890558413,-0.0019584697573279716,0.9996842256487066
1727090587.1196482,1,0.02319950190591826,-0.0020059136098927142,0.009241330133771366,0.0014126347153171138,-0.0234559773232017,-0.0008615266916716692,0.9997235014556445
1727090587.1364398,1,0.02303767898557589,-0.002683922074016984,0.006056434112039113,-0.012711595007458663,-0.03370073536940792,0.00020469396568068026,0.9993511064127101
1727090587.1530886,1,0.022943849238370752,-0.0029925412711761614,0.004206039535757735,-0.018912370399580606,-0.03951357407960613,0.0008349709624892685,0.9990396901689224
1727090587.1695993,1,0.02288953795533437,-0.003017168005233257,0.0031180476745214774,-0.017849328368889777,-0.043046001479402095,0.0008719547727019907,0.9989132509523985
1727090587.186534,1,0.02296148747896152,-0.0025210037577797937,0.004512389796048372,-0.013945704064925915,-0.03905872115023301,0.00048154333297761523,0.9991394806313382
1727090587.2031193,1,0.02293583824239404,-0.002151005759557439,0.003963054535015997,-0.011600754109167853,-0.04132049477506981,0.00040632584099646834,0.999078512487859
1727090587.2195802,1,0.02302887725053403,-0.0012887240323331947,0.0057484427875039955,-0.002559248173128855,-0.036042485843348085,-0.0002619122833648391,0.9993469471935041
1727090587.2364576,1,0.023083878221850235,-0.0004259592267000388,0.006815652284978727,-0.004285855423505635,-0.033485998418729124,-0.00010689071139506697,0.9994299915089428
1727090587.253222,1,0.023188566836378197,0.0006754903989245764,0.008817625299979745,0.006179430762508296,-0.027349744913246467,-0.0007710373937541461,0.9996065283850287
1727090587.270073,1,0.023180274234588082,0.0014906135779788846,0.008556734093469949,0.00831561205160143,-0.02847026069814159,-0.0006166998554735809,0.9995598604052063
1727090587.286659,1,0.023138893820111507,0.002218011262765801,0.007682482957927501,0.012629606475859678,-0.03215659019085881,-0.0007505023203359923,0.9994027634011371
1727090587.3035047,1,0.0231749558328603,0.003153161085823476,0.008388323644082651,0.010562674019058594,-0.030969478958776983,-0.0005679191884798798,0.999464355921903
1727090587.319818,1,0.023108690127952605,0.0037171446210803464,0.0070092324732618306,0.01142310452733084,-0.03598151022408422,-0.00039526647041268663,0.9992870895640397
1727090587.336984,1,0.023150368852691908,0.004475477039045058,0.007753922462230432,0.010533470590200922,-0.03432919945331849,0.00011199958900620179,0.9993550617865063
1727090587.3533523,1,0.023116601376910576,0.004894576344924576,0.007083295515358656,0.007373710583129888,-0.036876157648026264,0.0003937115371480904,0.9992925609552888
1727090587.3699217,1,0.02306260141411953,0.005117304068993501,0.005993630335630658,0.007648009893547852,-0.04023313576964185,0.00038910409165741336,0.9991609736818265
1727090587.387143,1,0.023070020098353072,0.005335793867452958,0.00614937652474443,0.004390890055965338,-0.04041346580783681,0.0006904964984574916,0.9991731557045059
1727090587.4034867,1,0.023088958481622058,0.005402065066537145,0.006506499877035759,0.009597546485999225,-0.0387688548636342,0.0002680239320885867,0.9992020772382247
1727090587.4201524,1,0.023146672721583095,0.005402516099548796,0.007623562179658381,0.017361571784155698,-0.03531200064580024,-0.000276793935556711,0.9992254809704824
1727090587.437224,1,0.02324970398900872,0.005382140530781614,0.009664451109593226,0.027341898274300367,-0.028094659799444054,-0.000936560292979857,0.999230820953962
1727090587.4541082,1,0.023358300272590983,0.005255589817735256,0.01192138592064017,0.03549847256589103,-0.020356462526579536,-0.0018437471176003626,0.9991606845124856
1727090587.4702082,1,0.023351066671674515,0.004650489350508886,0.011821334912025102,0.04370022139574031,-0.019372085981824036,-0.0025445821565053418,0.9988536119153422
1727090587.4877474,1,0.02339237939520871,0.004064799631877424,0.012680299747897097,0.0466231907525896,-0.014550107447684344,-0.002740835777462332,0.9988028135105294
1727090587.5036795,1,0.02342468016233917,0.0033752703483015886,0.013398742894823339,0.049881981650443656,-0.010489305858218995,-0.0030345983792613826,0.9986954258340799
1727090587.5205235,1,0.023418731357390785,0.002544149800727778,0.013340679092578196,0.052447729882379196,-0.009823566382999499,-0.0033591115875589114,0.9985697018951888
1727090587.5375931,1,0.02340087873235183,0.0016606057350485037,0.013031503488436217,0.05055371835491318,-0.010146453731167019,-0.0034477577708081127,0.9986638493524871
1727090587.5539753,1,0.02339475649160772,0.0008451016633958111,0.012956880668610374,0.04736108599426003,-0.00929817270274352,-0.003320448633942458,0.9988290374927552
1727090587.570188,1,0.023391977391408473,9.23393998925303e-05,0.012978086185997289,0.0381906625634756,-0.00798315560417206,-0.002861801412701296,0.9992344832982079
1727090587.5878384,1,0.023315651821056525,-0.0007835360464022666,0.01150939982922584,0.02768127839105162,-0.014573191597753046,-0.002540914033633595,0.9995073349751696
1727090587.6038535,1,0.02327304914424813,-0.0014245063317339015,0.01068680640066199,0.01551949600755588,-0.017611569515193173,-0.0018418388316108801,0.9997227543137155
1727090587.6201777,1,0.023193113432926436,-0.0020300064254317866,0.009127672835961676,-3.8680866838895825e-05,-0.023998644305312185,-0.0007534534179708361,0.9997117063850182
1727090587.6375475,1,0.02302150432377735,-0.0027304382028108085,0.005752429407617178,-0.012763702776995555,-0.03458827446959041,0.00018367283390777068,0.9993201215951407
1727090587.6539266,1,0.022942464323015825,-0.0029942657169623106,0.004178563327152038,-0.01912904257277849,-0.03950331643259846,0.0008540038865210703,0.9990359545073624
1727090587.6702576,1,0.02288196625054858,-0.0030295052950989145,0.0029728952110768376,-0.016451566952079368,-0.04343102230336906,0.0007507478004419296,0.9989206818482864
1727090587.687206,1,0.022981745310413564,-0.0024515127538744207,0.00492612084235031,-0.015230450794468157,-0.03803408719345639,0.0005688817762697357,0.999160206350054
1727090587.7041075,1,0.022975032579774946,-0.0020276304994986537,0.004743856192781026,-0.010862774880809879,-0.03913624071121172,0.0003065262019810641,0.9991747899274532
1727090587.720337,1,0.023084984123042353,-0.0011118617313160006,0.006885797006103755,-0.0037963136695654833,-0.033067639891769585,-0.00027698936485112463,0.9994458677044007
1727090587.7376454,1,0.023147560087724537,-0.00020901197736351046,0.00809625529197572,-0.0006837027415307648,-0.029908426312776668,-0.0004315024457108291,0.9995523159853584
1727090587.7536943,1,0.02319116929541438,0.0007113675267449971,0.008880833404318252,0.00983937335985304,-0.027139738498762354,-0.0011573501888989374,0.9995825538026584
1727090587.7704222,1,0.023189297528944473,0.0015461439685602546,0.008727904310030824,0.012225378361111452,-0.02772326421350095,-0.000868034511834681,0.9995404980596645
1727090587.7883043,1,0.023236355650250663,0.0025327941997844252,0.009635230510783797,0.014013842898051663,-0.026119908465964067,-0.0008493021223693485,0.9995602239359385
1727090587.8039944,1,0.023235546538682563,0.0033653620729332417,0.009589303076113626,0.011596170298648978,-0.02708737334946983,-0.0006206321970053948,0.999565614582208
1727090587.820437,1,0.023145519214778858,0.003852642941331587,0.007744411800660604,0.013247797678499016,-0.03396387155472249,-0.0005515200878205474,0.9993351025113031
1727090587.8376646,1,0.023189515876022037,0.0046128368851543105,0.008530313084226637,0.01162148040281868,-0.03210431296338845,6.025601084663324e-05,0.9994169553552755
1727090587.8541858,1,0.02311219276477654,0.004905829033619464,0.006987008594093352,0.010573419719931183,-0.037062050371806717,9.396889642884059e-05,0.9992570231864825
1727090587.8702679,1,0.023066927914354503,0.0051418206349264466,0.006101676303417888,0.007247825255446188,-0.04007360198260449,0.0003039978348231588,0.9991703973990237
1727090587.8876398,1,0.0230715332685243,0.005342896541196765,0.006178937340129451,0.004854702375960139,-0.040231770353591934,0.0006329777269427102,0.9991783803997432
1727090587.904107,1,0.023087766404904557,0.005397572693629109,0.0064730464253739215,0.009938582312197056,-0.03914692156313239,0.0002790970708108539,0.999183999681029
1727090587.920531,1,0.02314725452841491,0.005402402324623067,0.007643701104478815,0.017728922202843205,-0.03553759588750019,-0.0003555701018864771,0.9992110078286592
1727090587.9376667,1,0.023252035646711567,0.0053771746583175595,0.009714114982502816,0.026563180941814892,-0.028114188534140234,-0.0009420657655651702,0.9992512708690505
1727090587.9540675,1,0.023348797013704854,0.005201072967744617,0.011697054761625837,0.03448826615065745,-0.02103769950157345,-0.0015797011531194106,0.9991824053904621
1727090587.9704475,1,0.02337706728430624,0.004705846760270221,0.012347342577570697,0.04020044492112517,-0.01768959151838166,-0.0022294948045872417,0.9990325479847855
1727090587.9877176,1,0.02341380994359854,0.004104689554968628,0.013128630962723044,0.04423455583784875,-0.012801758861926306,-0.002611316094768569,0.9989357337026855
1727090588.0041459,1,0.023417658945471365,0.0033279190412570736,0.013267601610605279,0.04859910333932459,-0.011399563416524258,-0.003062324248007359,0.9987486166592303
1727090588.0203283,1,0.023403058175865785,0.0024678969401893494,0.013031480077231268,0.049962485317120914,-0.011612824321598433,-0.0033351488968673673,0.9986780107492343
1727090588.0378091,1,0.02340406343746052,0.0016489431468026106,0.013096919489428824,0.04886422814031288,-0.009803493907780908,-0.0033650089762155538,0.9987516485243174
1727090588.0539234,1,0.023387703444507614,0.0007996078374768464,0.01280518950357015,0.045166958742519414,-0.009760993273934154,-0.003148079741704459,0.9989268033455693
1727090588.070745,1,0.02337739521189686,2.7619232367125454e-05,0.01266106819898571,0.036053833287435985,-0.009407995705826821,-0.002763904681192869,0.9993017419943758
1727090588.0885093,1,0.023314085652474593,-0.0008076841686820275,0.011462048955357816,0.02642723387561327,-0.014764810449608217,-0.002436431638121672,0.9995387263547838
1727090588.1046398,1,0.02326579512496135,-0.0014583659727114343,0.010541397559834043,0.013256569301251896,-0.018324520316859206,-0.0016665493532433018,0.9997428158975544
1727090588.120978,1,0.023165266700884663,-0.0021230958121188966,0.008571283389983418,-0.002012714743426916,-0.026007673657523152,-0.0006124063295490934,0.9996595294642937
1727090588.1381757,1,0.023021259882054786,-0.0027365240809900794,0.0057349531104178885,-0.013215359585726082,-0.03461975801623404,0.00023766415316579367,0.9993131491888154
1727090588.154555,1,0.0229405127134179,-0.0030014687782918556,0.004157008831068216,-0.018588156413242865,-0.03963169781668824,0.0008035299000517505,0.9990411219309361
1727090588.1709714,1,0.022903004720955328,-0.0029679028826467015,0.003385331319506097,-0.01636337301209021,-0.042230040814844896,0.0007023284763335155,0.9989736585171578
1727090588.1882052,1,0.022997158622110235,-0.0023985000758021953,0.005207301845381057,-0.013727129455169827,-0.03691097748833978,0.0004398057337533585,0.999224175162257
1727090588.2042685,1,0.023000976330713803,-0.001926958652498424,0.005230289652503972,-0.00571337327919549,-0.037626683779795084,-3.074811364072618e-05,0.999275532117174
1727090588.221006,1,0.023078208291211086,-0.0011044920532437895,0.006746430762031875,-5.499412452523397e-05,-0.03317749208338303,-0.000627286088118027,0.9994492771055802
1727090588.2382205,1,0.02316651986126455,-0.0001186952063139129,0.008437227163228532,0.00753740432020004,-0.028108680880934073,-0.0010599217124657165,0.9995758931472943
1727090588.2550566,1,0.02319269441097083,0.0007390871838853973,0.008885743017847574,0.011675830905675418,-0.026778251418433555,-0.0011292075787195325,0.9995725712092531
1727090588.2707765,1,0.02319720516592801,0.0016091956676228352,0.008930035984338537,0.013318407366744929,-0.027916258854801087,-0.0011859089904181952,0.9995208332679373
1727090588.2885904,1,0.023241356867608993,0.002585138001616426,0.009716791877632596,0.019451927404065192,-0.02574627524050124,-0.001234789716422803,0.9994784775701093
1727090588.30456,1,0.02326317243097967,0.00347958207046563,0.010127786898560209,0.014842629066004899,-0.02571264402155644,-0.0007864388800203759,0.9995588716097304
1727090588.3210695,1,0.023160093459508705,0.003921937166642643,0.008032548840497818,0.015511737525940643,-0.033138029998571836,-0.0007469578509300866,0.9993301251441933
1727090588.3381875,1,0.023168837952198366,0.004580807349282395,0.008086748501805567,0.01495620455873337,-0.03287365238145734,-0.00014743855734719398,0.9993475937761457
1727090588.354614,1,0.023120195158621466,0.004945224614751965,0.0071099578418387065,0.01042398235488268,-0.03638878159109447,0.00026574779531107285,0.9992833064473208
1727090588.3711655,1,0.02305992493325765,0.005131272920837834,0.00596541777005622,0.00704508823968305,-0.04034149559259147,0.00034236820228609826,0.9991610547099312
1727090588.3884006,1,0.0230584509235197,0.005309882858493909,0.005903166779961726,0.005860222708673965,-0.04074182389479769,0.0006210810873107377,0.9991523286435422
1727090588.4047008,1,0.023074619251181584,0.005354986766734555,0.006185395434904241,0.010833735334896602,-0.03973499367221897,0.00034181937020867794,0.9991514617995012
1727090588.4215264,1,0.023144935242877394,0.005390471024085006,0.00760059965969634,0.017914633785002597,-0.03554034131264691,-0.000379435058769425,0.9992075890748459
1727090588.4385264,1,0.02326936026268236,0.005417336251686871,0.010088538975475769,0.025921336220407157,-0.02696703502605959,-0.0010062004434816926,0.9992996802316707
1727090588.4548333,1,0.023357766760565935,0.005211187977037578,0.01189041465982102,0.032922092503772704,-0.019916344401640626,-0.0014590615710874768,0.9992583981084072
1727090588.4714634,1,0.02338690115902427,0.004707408549402048,0.012513710997287104,0.038063316364922425,-0.01650728916758329,-0.0018848700442365698,0.9991371980947151
1727090588.4891102,1,0.02340319148571616,0.004048269467012117,0.012912064920911485,0.04375289579542377,-0.013569724848863964,-0.0025991970850473473,0.9989468408536832
1727090588.5048752,1,0.02341763662687683,0.003302876898854313,0.013271046431829683,0.04758431646239719,-0.011374828371708605,-0.0030341770682963164,0.9987978473524254
1727090588.5211947,1,0.023406890660103714,0.002463908017322097,0.013128225266171622,0.047190634969357444,-0.011274494827339972,-0.0032549322755598036,0.9988169677941292
1727090588.538674,1,0.02341210178498806,0.0016487932745147763,0.0132645500976559,0.04687173338064466,-0.00889487148290613,-0.003187743703891752,0.9988562259711228
1727090588.5551775,1,0.02337085481569926,0.0007218592017115397,0.012451611443129746,0.043148532851679175,-0.011057515269928108,-0.0029787693588350255,0.9990030342305822
1727090588.5712075,1,0.023350740431251946,-6.771943723775823e-05,0.012145030045691493,0.03509101448409737,-0.012098463312884972,-0.002857262038379122,0.9993068017088584
